,HOS Text,Frequency
0,nÃ³,597
1,con,415
2,tháº±ng,304
3,máº¹,262
4,mÃ y,244
5,Ä‘Ã©o,242
6,ngu,238
7,chÃ³,220
8,chá»­i,195
9,cháº¿t,176
10,bá»n,175
11,lá»“n,165
12,m,164
13,chÃºng,129
14,tao,124
15,nhÆ°,120
16,cÃ³,119
17,vl,118
18,cÃ¡i,104
19,Con,99
20,lÅ©,97
21,Äƒn,96
22,cc,93
23,lol,89
24,dÃ¢n,75
25,ko,74
26,t,71
27,tá»¥i,70
28,no,69
29,/,67
30,cho,65
31,sá»§a,65
32,nÃ£o,65
33,Ä‘áº§u,65
34,xáº¡o,63
35,Äm,63
36,bÃ²,62
37,thá»©c,61
38,ngÆ°á»i,61
39,mÃ ,61
40,vÃ£i,60
41,nÆ°á»›c,60
42,má»“m,59
43,cá»§a,58
44,Tháº±ng,58
45,máº·t,57
46,khÃ´ng,55
47,Ä‘m,55
48,lÃ ,53
49,*,53
50,bá»‘,52
51,ra,51
52,may,49
53,l,49
54,vÃ´,49
55,lon,49
56,Ã³c,49
57,",",49
58,lÃ m,49
59,Ä‘i,48
60,tiá»n,48
61,mÃ¡,48
62,bÃ³ng,47
63,Ä‘á»™ng,47
64,Ã½,46
65,vcl,44
66,máº¥t,43
67,gÃ¬,43
68,khÃ¹ng,42
69,nÃ³i,41
70,thÃ¬,41
71,Ä‘iÃªn,40
72,Ä‘Ã¡nh,40
73,me,40
74,cha,40
75,láº¡i,40
76,"""",40
77,dm,39
78,nhÃ ,39
79,Ä‘,39
80,pháº£n,38
81,dÆ¡,36
82,noÌ,36
83,tháº§n,36
84,ÄÃ©o,36
85,tham,36
86,loz,36
87,Ä‘á»‹t,35
88,cá»©t,35
89,nghiá»‡p,35
90,cÃ²n,35
91,vÃ o,34
92,loáº¡i,34
93,cá»™ng,34
94,kinh,34
95,Ã´ng,34
96,nhá»¥c,34
97,cÅ©ng,34
98,NÃ³,34
99,bÃ ,34
100,cÆ°á»›p,34
101,Ã©o,34
102,Ä‘á»ƒ,33
103,3,33
104,xÃ m,32
105,dáº¡y,32
106,há»c,32
107,lÃ¡o,32
108,Tao,31
109,hoÃ¡,31
110,ma,31
111,Ä‘áº¡o,30
112,bÃ¡n,30
113,tÃ¹,30
114,sá»‘ng,30
115,bá»‹,30
116,mÃ¡u,29
117,cu,29
118,k,29
119,máº¥y,29
120,giÃ ,28
121,nÃ o,28
122,váº­t,28
123,Ä‘Ã n,27
124,Ngu,27
125,.,27
126,háº¡i,27
127,xáº¥u,27
128,quáº§n,27
129,sinh,27
130,cl,27
131,pháº£i,26
132,á»‰a,26
133,Bá»n,26
134,cáº£,26
135,Dm,26
136,thá»‘i,26
137,á»Ÿ,26
138,biáº¿t,26
139,cáº·c,25
140,tá»±,25
141,nÃ¡t,25
142,trÃ¢u,25
143,Ä‘Ã­t,25
144,hÆ¡n,24
145,giáº£,24
146,MÃ y,24
147,nÃ y,24
148,bá»,24
149,dÃ¢m,24
150,quan,24
151,Ä‘á»©a,23
152,Ä‘á»™c,23
153,Ä‘Ã¡i,23
154,giáº¿t,23
155,ba,23
156,báº¯n,23
157,chui,23
158,bÃ¢y,23
159,kháº©u,23
160,Ã¡c,23
161,háº¿t,22
162,cháº£,22
163,cÃ¡ch,22
164,Ä‘á»,22
165,miá»‡ng,22
166,cmn,22
167,sáº£n,21
168,Äá»‹t,21
169,vÃ ,21
170,phÃ¡,21
171,vÄƒn,21
172,Ä‘Ã¡m,21
173,tay,21
174,choÌ,20
175,sÃºc,20
176,thá»©,20
177,Ä‘Æ°á»ng,20
178,Ä‘en,20
179,Ä‘Ãª,20
180,Ä‘á»¥,20
181,nhÃ¢n,19
182,bá»‡nh,19
183,nhÅ©ng,19
184,Ä‘Æ°á»£c,19
185,tÃ¢m,19
186,biáº¿n,19
187,vá»,19
188,sai,18
189,hay,18
190,tÆ°á»Ÿng,18
191,tÃ i,18
192,Ä‘Ã¡,18
193,cÃ¢m,18
194,khung,18
195,vc,18
196,báº¯t,18
197,má»,18
198,LÅ©,18
199,vá»›i,18
200,kÃ©m,18
201,Ã´,17
202,Ä‘á»“,17
203,báº©n,17
204,báº±ng,17
205,náº¡n,17
206,dá»‘t,17
207,Vl,17
208,tá»¥c,17
209,bÃ¡o,17
210,Ä‘áº³ng,17
211,quá»‘c,17
212,c,17
213,khá»‘n,17
214,lao,17
215,cáº¯n,16
216,cá»©c,16
217,lÃ£nh,16
218,gia,16
219,bÃª,16
220,mÃµm,16
221,mÃ©o,16
222,bÃº,16
223,thÃ nh,16
224,1,16
225,tá»•,16
226,buá»“i,16
227,di,16
228,tÃ u,16
229,thÄƒÌ€ng,16
230,lá»«a,16
231,cÃ¡c,16
232,cmnr,15
233,Ä‘Ã¢u,15
234,lá»£n,15
235,Ä‘cm,15
236,Bá»‘,15
237,Ä‘á»i,15
238,M,15
239,nhai,15
240,L,15
241,MÃ¡,15
242,hoang,15
243,Ä‘áº­p,15
244,ná»©ng,15
245,nghÃ¨o,15
246,sao,15
247,xl,15
248,nhÃ¬n,15
249,mÃ¬nh,14
250,rá»“i,14
251,VÃ£i,14
252,ChÃºng,14
253,nhá»¯ng,14
254,cm,14
255,cháº¥t,14
256,hÃ¬nh,14
257,tá»Ÿm,14
258,cÃ´ng,14
259,+,14
260,viÃªn,14
261,há»“,14
262,cá»¥,14
263,trung,14
264,tÃ n,14
265,hÃ¡ng,14
266,loáº¡n,14
267,lá»—,14
268,chá»‰,14
269,báº­y,14
270,Ã,14
271,gian,14
272,dell,14
273,vkl,13
274,hÃ i,13
275,to,13
276,Ä‘Ä©,13
277,chÆ¡i,13
278,tá»­,13
279,chÃ­nh,13
280,ta,13
281,ChÃ³,13
282,táº¡o,13
283,an,13
284,chet,13
285,maÌ€y,13
286,Ä‘b,13
287,Ä‘Ã£,13
288,khá»§ng,13
289,nÃªn,13
290,máº¯t,13
291,cá»§,13
292,quÃ¨,13
293,chá»©,13
294,cá»•,13
295,thá»ƒ,13
296,hÃ¹a,13
297,tháº¿,13
298,phÃ¢n,13
299,Äá»¥,13
300,Ä‘u,13
301,Ä‘c,13
302,thá»§,13
303,Ä‘áº£ng,13
304,thua,13
305,qua,13
306,tráº»,12
307,CH,12
308,lÃªn,12
309,nháº£m,12
310,ráº»,12
311,xÃ¡c,12
312,manh,12
313,quÃ¡,12
314,mang,12
315,qq,12
316,háº­u,12
317,chá»©c,12
318,im,12
319,máº£,12
320,cai,12
321,dai,12
322,que,12
323,nÃ´,12
324,Cháº¿t,12
325,mat,12
326,co,12
327,táº­t,12
328,dien,12
329,tÃªn,12
330,má»i,12
331,Báº¯c,12
332,Ä‘áº¥t,12
333,mÃ£,11
334,khá»±a,11
335,ghÃ©t,11
336,day,11
337,rÃ¡ch,11
338,chá»‘ng,11
339,bÃ£,11
340,bon,11
341,bao,11
342,thÆ°á»£ng,11
343,quyá»n,11
344,gÃ¡i,11
345,do,11
346,ghÃª,11
347,ngÃ¡o,11
348,T,11
349,tai,11
350,háº¡,11
351,Chá»­i,11
352,má»›i,11
353,Ä‘Ã³i,11
354,Ä‘áº»,11
355,TÃ u,11
356,Viá»‡t,11
357,du,11
358,há»,11
359,hoa,11
360,boÌ£n,11
361,trÃªn,11
362,Ä,11
363,dÃ¡i,11
364,quá»·,11
365,tui,11
366,chuÌng,11
367,dan,11
368,bá»™,11
369,ná»•,11
370,cÃ´,11
371,ng,10
372,lone,10
373,láº¯m,10
374,tháº¥y,10
375,má»™t,10
376,tuá»•i,10
377,n,10
378,luÃ´n,10
379,khinh,10
380,XÃ m,10
381,nhiá»u,10
382,sau,10
383,ai,10
384,hÃ¨n,10
385,lz,10
386,liáº¿m,10
387,dá»¥ng,10
388,lÆ°u,10
389,chÃ©m,10
390,trá»™m,10
391,banh,10
392,nhá»“i,10
393,cs,10
394,giÃ¡o,10
395,thÃ¡i,10
396,cÃ¢y,10
397,!,10
398,da,10
399,ká»³,10
400,tÆ°,10
401,clm,10
402,hÃ ng,10
403,gÃ ,10
404,ml,10
405,lÃ£o,10
406,lÃ´ng,10
407,lÃ²n,10
408,tá»™i,10
409,vÃ ng,10
410,cÃºt,10
411,chÆ°a,10
412,xanh,10
413,Ä‘á»,10
414,sáº½,10
415,lÃ´n,9
416,thÃ¢n,9
417,nhanh,9
418,viá»‡t,9
419,lá»,9
420,thiÃªn,9
421,Ã“c,9
422,vo,9
423,lÃ¡,9
424,bu,9
425,tin,9
426,sá»±,9
427,Ä‘á»™i,9
428,má»‹a,9
429,loÃ i,9
430,cÃ ng,9
431,ná»™i,9
432,báº¥t,9
433,heo,9
434,cáº§u,9
435,cmm,9
436,nhau,9
437,Xáº¡o,9
438,vcc,9
439,ly,9
440,cáº¥p,9
441,tráº©u,9
442,vÃ¹ng,9
443,ká»‡,9
444,mÃ¹,9
445,hÃ£m,9
446,dá»¥c,9
447,giá»‘ng,9
448,nhiá»…m,9
449,khÃ¡c,9
450,xin,9
451,Ã¡p,9
452,trá»‘n,9
453,CÃ¡i,9
454,pháº¡m,9
455,nháº­n,9
456,chÃ¡u,9
457,Loáº¡i,9
458,má»¥,9
459,hÃ nh,8
460,Ä‘á»‹a,8
461,áº³ng,8
462,xe,8
463,khá»•,8
464,lai,8
465,tá»«,8
466,ca,8
467,si,8
468,tÃ¬nh,8
469,khuyáº¿t,8
470,lá»£i,8
471,tiÃªu,8
472,j,8
473,bÃ n,8
474,Ã¢m,8
475,cáº·n,8
476,mo,8
477,cháº·t,8
478,Ä‘áº¿n,8
479,áº£o,8
480,chÆ°Ì‰i,8
481,giang,8
482,bá»£,8
483,cá»©,8
484,Ã­t,8
485,2,8
486,dkm,8
487,dá»‘i,8
488,cháº¥p,8
489,thang,8
490,thá»‹t,8
491,tÃ­nh,8
492,trá»i,8
493,em,8
494,Máº¹,8
495,hiá»ƒm,8
496,coi,8
497,Ä‘á»«ng,8
498,hiáº¿p,8
499,la,8
500,sá»£,8
501,giá»,8
502,ngá»“i,8
503,fake,8
504,BÃ³ng,8
505,chi,8
506,chá»‹,8
507,thai,8
508,chÃ¡n,8
509,káº»,8
510,diá»‡t,8
511,phÃ¡t,8
512,ho,8
513,chá»§,8
514,váº¥n,8
515,cac,8
516,bá»¥ng,8
517,sÃ¢u,8
518,ná»•i,8
519,giÃ³,8
520,váº­y,8
521,Ä‘iá»ƒm,8
522,tinh,8
523,bÃºa,8
524,vÃ¬,8
525,pháº©m,8
526,váº«n,8
527,sáº¡o,8
528,cÆ°á»i,7
529,giÃ u,7
530,CON,7
531,máº·c,7
532,miáº¿ng,7
533,quy,7
534,lozz,7
535,ngá»¥c,7
536,chá»‹ch,7
537,ngÃ y,7
538,lÃ²i,7
539,báº£n,7
540,No,7
541,trÃ¡i,7
542,hoáº¡i,7
543,sml,7
544,Ä‘Ã¢y,7
545,Äcm,7
546,van,7
547,Ä‘Ãºt,7
548,Ä‘á»©ng,7
549,nguy,7
550,rÄƒng,7
551,rÃºt,7
552,rá»£,7
553,láº¡c,7
554,thÆ°á»ng,7
555,Vcl,7
556,sÄ©,7
557,Ä‘á»™,7
558,sÆ°,7
559,ÄM,7
560,Du,7
561,Ã­ch,7
562,cÃ¡,7
563,chÃ´n,7
564,áº£nh,7
565,Ä‘á»©c,7
566,thÃº,7
567,assmin,7
568,che,7
569,trÆ°á»ng,7
570,dÃ­,7
571,báº¡o,7
572,quáº£,7
573,há»“n,7
574,dá»±ng,7
575,trong,7
576,Äáº­u,7
577,Ä‘áº¥m,7
578,trÃ²,7
579,khi,7
580,quÃ¡i,7
581,sÃ¢n,7
582,linh,7
583,sá»‰,7
584,giáº£i,7
585,xá»­,7
586,Thá»©,7
587,tá»©c,7
588,thiáº¿u,7
589,cá»‘,7
590,cáº©u,7
591,cháº¿,7
592,clg,7
593,danh,7
594,Ä‘á»‰,7
595,cao,7
596,vailon,7
597,Ä‘á»‘t,7
598,biá»‡t,7
599,liá»m,7
600,Æ°a,7
601,báº£o,7
602,deo,7
603,tá»‘t,7
604,phÃ²,7
605,Ä‘Ã³,7
606,náº±m,7
607,dÆ°á»›i,7
608,dáº¡i,7
609,hÆ°á»Ÿng,7
610,báº¡n,7
611,Ä‘eo,7
612,tÃ o,7
613,theo,7
614,thá»‹,7
615,thay,6
616,giáº·c,6
617,hai,6
618,rá»«ng,6
619,Äkm,6
620,tháº¥p,6
621,thg,6
622,bÃ¡c,6
623,v,6
624,lo,6
625,lá»›p,6
626,xuá»‘ng,6
627,há»ng,6
628,xáº£,6
629,giaÌ‰,6
630,a,6
631,bi,6
632,Clm,6
633,ÄÄ©,6
634,tá»,6
635,Lol,6
636,vong,6
637,lÃº,6
638,kg,6
639,khÃ³c,6
640,chÃ¹i,6
641,rau,6
642,moáº¹,6
643,ná»“i,6
644,tá»·,6
645,sá»,6
646,Ä‘Ãº,6
647,chÃª,6
648,lÆ°Æ¡ng,6
649,giáº­t,6
650,hÃ´,6
651,pháº§n,6
652,phÃ­m,6
653,Ä‘km,6
654,DÃ¢n,6
655,tk,6
656,hÆ¡i,6
657,tiáº¿ng,6
658,tráº£,6
659,chá»§ng,6
660,lu,6
661,xÃºc,6
662,tháº£i,6
663,xÃ©o,6
664,mieng,6
665,cá»,6
666,hÃ­t,6
667,tá»™c,6
668,trá»‹,6
669,lá»™,6
670,Ä‘Ã¡ng,6
671,cÃ´n,6
672,gÃ¡y,6
673,',6
674,tÃ­,6
675,biá»ƒu,6
676,thÄƒng,6
677,yÃªu,6
678,vÃ²ng,6
679,cuc,6
680,chuyá»‡n,6
681,CÃ³,6
682,báº£,6
683,Máº¥t,6
684,lÃ½,6
685,luáº­n,6
686,bÃ¹,6
687,cÃ¢u,6
688,táº©y,6
689,mÃ¡y,6
690,háº¯n,6
691,toÃ n,6
692,mÅ©i,6
693,mÃ i,6
694,khÃ³,6
695,bÃ¡m,6
696,máº¯c,6
697,thÃ´ng,6
698,nhu,6
699,kÃ­ch,6
700,DLV,6
701,riÃªng,6
702,máº§y,6
703,cÆ¡m,6
704,bÆ°ng,6
705,bom,6
706,xem,6
707,thuá»‘c,6
708,ccc,6
709,Ä‘áº£o,5
710,Ä‘Ã²i,5
711,gá»›m,5
712,Ä‘á»ƒu,5
713,chia,5
714,táº¿,5
715,giá»i,5
716,hÃ³,5
717,Chui,5
718,chung,5
719,Nam,5
720,ngoÃ i,5
721,thÃºi,5
722,chÃªÌt,5
723,xá»©,5
724,cá»¥c,5
725,bÃ´i,5
726,ban,5
727,dao,5
728,cÃ ,5
729,Tráº»,5
730,bÃ³c,5
731,lÃ³c,5
732,VeÌ£o,5
733,bÃ¡,5
734,tiÃªn,5
735,cá»,5
736,sÃºng,5
737,vua,5
738,bÃªn,5
739,Ä‘Ã´ng,5
740,Lá»“n,5
741,phá»‡,5
742,hiá»ƒu,5
743,Ä‘inh,5
744,tu,5
745,bay,5
746,cuá»“ng,5
747,Dkm,5
748,thu,5
749,dá»‹ch,5
750,nhá»,5
751,Nhá»¥c,5
752,sua,5
753,4,5
754,giÃ£y,5
755,biÃªÌt,5
756,cháº¡y,5
757,ná»¯,5
758,dlv,5
759,Ã¡n,5
760,GiÃ ,5
761,má»‹,5
762,trÃ­,5
763,miá»n,5
764,CHÃ“,5
765,Ä‚n,5
766,hoÌ£c,5
767,phong,5
768,giá»¯,5
769,luÌƒ,5
770,bá»›i,5
771,giáº¥y,5
772,BÃª,5
773,láº­t,5
774,Äáº£ng,5
775,xÃ¬,5
776,ngáº¯n,5
777,tháº¥t,5
778,Trung,5
779,bede,5
780,nc,5
781,gÃ¢y,5
782,Cc,5
783,Báº¯n,5
784,khai,5
785,thi,5
786,tung,5
787,KhÃ¹ng,5
788,nhÆ°ng,5
789,nÃ´ng,5
790,tÃºi,5
791,ğŸ™‚,5
792,chim,5
793,iÌ‰a,5
794,áº¥u,5
795,ráº¥t,5
796,sÃ m,5
797,quÃªn,5
798,vat,5
799,phÃ©t,5
800,nuÃ´i,5
801,nháº¥t,5
802,khá»‹a,5
803,tiá»ƒu,5
804,ky,5
805,nhung,5
806,bÃ´,5
807,dam,5
808,thÆ°Æ¡ng,5
809,mu,5
810,táº¡i,5
811,ÄÃ¹,5
812,nhÃ¡i,5
813,lÃ´i,5
814,GhÃª,5
815,uá»‘ng,5
816,Ä‘uá»¹,5
817,cay,5
818,nghÄ©,5
819,sÃ¡ch,5
820,lam,5
821,xa,5
822,meÌ£,5
823,Ä‘it,5
824,lá»™t,5
825,rÃ¡c,5
826,ke,5
827,Ä‘áº¹p,5
828,May,5
829,Thang,5
830,bÃ©,5
831,bo,5
832,Äáº­p,5
833,ngÃ´n,5
834,su,5
835,suc,5
836,de,5
837,nhi,5
838,ngá»±a,5
839,xiÃªn,5
840,sáº¡ch,5
841,má»Ÿ,5
842,Ã³i,5
843,suy,5
844,binh,5
845,thÆ°,5
846,thui,5
847,ná»¯a,5
848,ná»£,5
849,suÌ‰a,5
850,chá»«a,5
851,anh,5
852,mua,5
853,lá»‡,5
854,rá»§a,4
855,ranh,4
856,chá»«ng,4
857,Ä‘Ã¡ch,4
858,nÄƒm,4
859,ğŸ˜Œ,4
860,bÃ¡nh,4
861,thanh,4
862,láº¡y,4
863,tuong,4
864,phá»¥,4
865,minh,4
866,Ã¡m,4
867,xao,4
868,xÃ¢y,4
869,Ä‘á»‘ng,4
870,vÄ‘,4
871,se,4
872,thá»,4
873,xam,4
874,bÃ i,4
875,nghÃ¬n,4
876,Vá»‹t,4
877,Ä‘au,4
878,náº¿t,4
879,nghe,4
880,Nháº£m,4
881,ğŸ˜’,4
882,hÃºt,4
883,sá»¥c,4
884,trinh,4
885,Ã¡o,4
886,náº§y,4
887,â€,4
888,phÃ¡p,4
889,Ä‘áº·t,4
890,sá»­a,4
891,lÃ¡i,4
892,vÅ©,4
893,diá»‡n,4
894,khá»‰,4
895,chá»‹u,4
896,Dell,4
897,lÃ¬n,4
898,tÃ¡n,4
899,Ä‘á»›p,4
900,kho,4
901,Ä‘á»•i,4
902,the,4
903,dÆ°Æ¡ng,4
904,Toang,4
905,bÃ³p,4
906,Sao,4
907,Lá»†,4
908,nay,4
909,ghen,4
910,Ä‘mm,4
911,ngá»§,4
912,so,4
913,lá»i,4
914,Nhung,4
915,triá»ƒn,4
916,má»“,4
917,cat,4
918,váº©n,4
919,á»•,4
920,muá»‘n,4
921,cÆ¡,4
922,long,4
923,Ä‘iá»u,4
924,nhÃ©t,4
925,tuÃ½,4
926,nháº­p,4
927,Ä‘ang,4
928,tháº§y,4
929,chiá»u,4
930,chá»©ng,4
931,báº§n,4
932,tien,4
933,Ä‘Ã¢m,4
934,siÃªu,4
935,Ä‘Ã o,4
936,bong,4
937,nhuc,4
938,láº¡m,4
939,hang,4
940,Tá»•,4
941,há»,4
942,tá»‹ch,4
943,lá»“ng,4
944,nam,4
945,Tham,4
946,thÃ­ch,4
947,tuÌ£i,4
948,nuá»‘t,4
949,bá»‘c,4
950,kiáº¿n,4
951,thuoc,4
952,chua,4
953,chai,4
954,nghiep,4
955,trÆ¡,4
956,tráº½n,4
957,SÃšC,4
958,bá»¥i,4
959,than,4
960,Ká»³,4
961,xÃ¡m,4
962,xÆ°Æ¡ng,4
963,tá»¥t,4
964,tráº¯ng,4
965,dá»…,4
966,(,4
967,),4
968,chiáº¿m,4
969,cháº£nh,4
970,hung,4
971,\,4
972,coÌ,4
973,tg,4
974,Ä‘uá»•i,4
975,giá»¯a,4
976,vi,4
977,Máº¸,4
978,Tá»¥i,4
979,vÃ i,4
980,má»c,4
981,há»—n,4
982,lá»—i,4
983,nÄƒng,4
984,hÃ¹,4
985,dau,4
986,vá»‹t,4
987,BÃ ,4
988,cháº³ng,4
989,há»‘i,4
990,ngáº­p,4
991,hÃ¡n,4
992,ngá»™t,4
993,tau,4
994,thÃ¢m,4
995,láº§n,4
996,khÃ­,4
997,pháº³ng,4
998,cáº£i,4
999,sáº¥u,4
1000,cáº¥u,4
1001,quÃª,4
1002,mÃ¹a,4
1003,thÃ¡nh,4
1004,ğŸ˜,4
1005,lÆ°ng,4
1006,cÃº,4
1007,cáº¡n,4
1008,tiÃªÌ€n,4
1009,Ä‘á»±c,4
1010,vs,4
1011,cáº§n,4
1012,táº­n,4
1013,á»‘ng,4
1014,th,4
1015,phÃ³ng,4
1016,khoÃ¡,4
1017,xá»,4
1018,máº¡nh,4
1019,tha,4
1020,nÃ©m,4
1021,cáº¯p,4
1022,ngáº¡t,4
1023,ung,4
1024,tá»›i,4
1025,bá»›t,4
1026,chá»‹t,4
1027,cdm,4
1028,phÃ²ng,4
1029,lÃ­,4
1030,het,4
1031,nguoi,4
1032,há»™i,4
1033,tháº³ng,4
1034,Ä‘á»•,4
1035,báº¯c,4
1036,nhá»,4
1037,Máº¥y,4
1038,Ä‘á»u,4
1039,DÆ¡,4
1040,doi,4
1041,ngá»£m,4
1042,Cho,4
1043,cháº¯n,4
1044,tÆ°á»›ng,4
1045,láº¡nh,4
1046,giá»›i,4
1047,Ã¡i,4
1048,mÃ¬,4
1049,lÃ¢y,4
1050,be,4
1051,trÃ¡,4
1052,Ná»©ng,4
1053,ruá»“i,4
1054,thÃ¹,4
1055,phÃ­a,4
1056,?,4
1057,tan,4
1058,phá»¥c,4
1059,like,4
1060,lÃ o,4
1061,soi,4
1062,ong,4
1063,dÆ°,4
1064,sÃ¡t,4
1065,dÃ¡m,4
1066,VN,4
1067,CS,4
1068,báº¡c,3
1069,nghiá»‡n,3
1070,vÃ©t,3
1071,Ä‘áº§y,3
1072,tá»›,3
1073,trá»ng,3
1074,Ä‘á»¡,3
1075,dap,3
1076,Ná»•,3
1077,cháº·n,3
1078,phan,3
1079,ngÆ°á»£c,3
1080,ngÃ£,3
1081,Ã©m,3
1082,mÃ©,3
1083,LÃ m,3
1084,cáº§m,3
1085,clmm,3
1086,giÃºp,3
1087,ráº£nh,3
1088,kháº¯m,3
1089,táº£,3
1090,non,3
1091,luu,3
1092,CHáº¾T,3
1093,khug,3
1094,lá»™n,3
1095,NÃ¡t,3
1096,lÃ¨,3
1097,rá»­a,3
1098,mÃª,3
1099,dá»Ÿ,3
1100,PhÃ¡,3
1101,cÆ°Ìt,3
1102,md,3
1103,boÌng,3
1104,Ä‘iÌt,3
1105,laÌ€m,3
1106,lÃ³t,3
1107,lÆ°á»¡i,3
1108,sá»›m,3
1109,tÃ´ng,3
1110,quang,3
1111,Ã ,3
1112,nuoc,3
1113,mÃ u,3
1114,culi,3
1115,vá»‹,3
1116,sÆ°á»›ng,3
1117,xau,3
1118,mÃ¡i,3
1119,nail,3
1120,mong,3
1121,thiá»ƒu,3
1122,tml,3
1123,ngáº­m,3
1124,tráº¡i,3
1125,Ã‰o,3
1126,Pháº£n,3
1127,lay,3
1128,VÃ´,3
1129,NGU,3
1130,ngÃ¢y,3
1131,liÃªm,3
1132,mÄƒÌ£t,3
1133,dáº¹p,3
1134,ngay,3
1135,Ä‘áº£,3
1136,ia,3
1137,y,3
1138,cá»©u,3
1139,Kháº©u,3
1140,CÃºt,3
1141,Quáº§n,3
1142,>,3
1143,ChÃ¡n,3
1144,viá»‡c,3
1145,bk,3
1146,diá»…n,3
1147,rá»‘i,3
1148,tá»‘ng,3
1149,hÃ¡t,3
1150,sáº­p,3
1151,can,3
1152,cam,3
1153,vang,3
1154,Äá»”,3
1155,vai,3
1156,sá»©c,3
1157,Ä‘ek,3
1158,vlon,3
1159,CÃ¢m,3
1160,TrÃ¢u,3
1161,sa,3
1162,TÃªn,3
1163,Váº¬T,3
1164,chÃºa,3
1165,cháº¯c,3
1166,viá»‡n,3
1167,tráº­n,3
1168,sl,3
1169,Bá»‡nh,3
1170,náº·ng,3
1171,d,3
1172,phÃºc,3
1173,thuáº¿,3
1174,pháº¿,3
1175,dmcs,3
1176,hÃ²n,3
1177,Äáº¡o,3
1178,gi,3
1179,má»t,3
1180,ká»·,3
1181,rÃªn,3
1182,thá»i,3
1183,dit,3
1184,láº­p,3
1185,Ä‘Ã´,3
1186,há»™,3
1187,Quy,3
1188,noi,3
1189,Ä‘Æ°a,3
1190,mÃ³c,3
1191,thÃ¨m,3
1192,sá»‘,3
1193,lÃ²,3
1194,nao,3
1195,Thá»‘i,3
1196,ná»,3
1197,loai,3
1198,Dlv,3
1199,Vá»›,3
1200,chá»¯a,3
1201,Ä‘eÌo,3
1202,Ä‘áº¿ch,3
1203,DÃ¢m,3
1204,ham,3
1205,há»‘,3
1206,Ä‘Ã©oo,3
1207,benh,3
1208,kÃ©o,3
1209,xamlol,3
1210,dlike,3
1211,cÃ£i,3
1212,tá»¥,3
1213,Bá»ŒN,3
1214,quáº­t,3
1215,hÃ o,3
1216,chá»‘i,3
1217,cuá»™c,3
1218,á»•ng,3
1219,Tinh,3
1220,quá»¹,3
1221,cÃ n,3
1222,Ämm,3
1223,xac,3
1224,mÃ´i,3
1225,dÃ i,3
1226,Má»¹,3
1227,KhÃ´ng,3
1228,ğŸ’©,3
1229,LÃ€M,3
1230,NÃ”,3
1231,CHÆ¯A,3
1232,dáº­p,3
1233,nhá»›,3
1234,ad,3
1235,trang,3
1236,táº¡c,3
1237,lá»­a,3
1238,â€œ,3
1239,mÃºa,3
1240,kÃ¬,3
1241,Xao,3
1242,dá»«a,3
1243,xuyÃªn,3
1244,hiá»‡u,3
1245,Sá»§a,3
1246,ÄÃ¡nh,3
1247,mom,3
1248,daÌ£y,3
1249,kiá»ƒu,3
1250,lá»‹ch,3
1251,chÆ°i,3
1252,=,3
1253,Ä‘Ã´Ì£ng,3
1254,sv,3
1255,BoÌ£n,3
1256,dÃ¹ng,3
1257,sáº¯p,3
1258,gai,3
1259,ná»—i,3
1260,bÃ y,3
1261,Æ¡n,3
1262,oÌc,3
1263,mÃ¢Ìt,3
1264,chÃº,3
1265,dmm,3
1266,NGHIá»†P,3
1267,Xl,3
1268,sá»­,3
1269,ngao,3
1270,dc,3
1271,cau,3
1272,ngÃ n,3
1273,ngÆ°Æ¡Ì€i,3
1274,sÄƒn,3
1275,lÃ´Ì€n,3
1276,á»‹,3
1277,tÃ¬m,3
1278,C,3
1279,Ä‘aÌ£o,3
1280,nháº½o,3
1281,Nháº­t,3
1282,mÃ¡ng,3
1283,lá»§,3
1284,Lá»§,3
1285,mÃ£i,3
1286,oc,3
1287,cmay,3
1288,Ä‘á»c,3
1289,Ä‘á»·,3
1290,Ä‘hs,3
1291,gháº»,3
1292,xá»‰u,3
1293,láº¥y,3
1294,phá»‘t,3
1295,táº¥u,3
1296,man,3
1297,sam,3
1298,kiáº¿p,3
1299,ghet,3
1300,vá»¥,3
1301,hong,3
1302,hoáº¡,3
1303,khÃ´n,3
1304,hoc,3
1305,le,3
1306,gáº·m,3
1307,hÃ¹ng,3
1308,SÃºc,3
1309,BÃ²,3
1310,fuck,3
1311,dÃ£,3
1312,há»‡,3
1313,hÃ´i,3
1314,hÃ¡ch,3
1315,Cave,3
1316,váº£,3
1317,bá»,3
1318,Ä‘áº¥y,3
1319,BÃ¡n,3
1320,xaolol,3
1321,vá»›,3
1322,ká»‰,3
1323,Ä‘oáº£ng,3
1324,boÃ¡c,3
1325,dá»‹,3
1326,á»©ng,3
1327,trau,3
1328,tÃ½,3
1329,Cáº©u,3
1330,khong,3
1331,Ä‘Ã¨,3
1332,ráº«y,3
1333,Ä‘Ãºng,3
1334,Dcm,3
1335,Äá»“,3
1336,cut,3
1337,Lon,3
1338,biá»ƒn,3
1339,dáº­y,3
1340,thiá»‡t,3
1341,nghÄ©a,3
1342,GiÃ u,3
1343,láº¡,3
1344,gá»i,3
1345,ngÆ°u,3
1346,tÃ¡p,3
1347,Ä‘áº­u,3
1348,ngta,3
1349,bÃ¹i,3
1350,ki,3
1351,phÃ¡n,3
1352,tre,3
1353,corona,3
1354,yáº¿u,3
1355,maÌ,3
1356,nhuÌ£c,3
1357,hÃ£y,3
1358,kÃªu,3
1359,á»‹t,3
1360,dáº¥u,3
1361,bac,3
1362,há»•n,3
1363,COCC,3
1364,â€™,3
1365,gay,3
1366,hÆ°á»›c,3
1367,ngá»©a,3
1368,dung,3
1369,cuá»‘c,3
1370,dong,3
1371,chá»¯,3
1372,nháº£y,3
1373,Khá»±a,3
1374,nhan,3
1375,Giáº¿t,3
1376,dá»±,3
1377,trÃ¬nh,3
1378,thÃ­,3
1379,del,3
1380,Nhai,3
1381,ThÃºi,3
1382,ngua,3
1383,váº¡,3
1384,tri,3
1385,Ä‘á»‹ch,3
1386,Ä‘áº¡n,3
1387,thá»¥t,3
1388,buá»“n,3
1389,Dáº¡ng,3
1390,váº¹o,3
1391,má»‹e,3
1392,bÃ³,3
1393,táº§m,3
1394,sÃ¡n,3
1395,dÃ¢y,3
1396,Khung,3
1397,bá»n,3
1398,dáº§n,3
1399,Äá»‰,3
1400,trÆ¡n,3
1401,coÌ€n,3
1402,nghiá»‡t,3
1403,cua,3
1404,chá»—,3
1405,KHá»°A,3
1406,hoáº¡n,3
1407,tá»‡,3
1408,CÃ´,2
1409,bá»™t,2
1410,xÃ­ch,2
1411,Äá»ƒ,2
1412,mÆ°u,2
1413,viá»…n,2
1414,pháº­n,2
1415,lá»‘i,2
1416,BÃ£,2
1417,sá»,2
1418,duyÃªn,2
1419,Dit,2
1420,má»¡,2
1421,clgt,2
1422,Ä‘ao,2
1423,á»›n,2
1424,LÃ¡o,2
1425,cong,2
1426,tháº±g,2
1427,giong,2
1428,Cm,2
1429,Æ¡i,2
1430,láº«n,2
1431,in,2
1432,xÆ°Ì,2
1433,quen,2
1434,bÃ¬,2
1435,Ä‘cmm,2
1436,tÃ´i,2
1437,lÆ°a,2
1438,yeu,2
1439,váº»,2
1440,tiáº¿c,2
1441,phá»§,2
1442,diÃªm,2
1443,thÃ¹ng,2
1444,choi,2
1445,ngan,2
1446,dizz,2
1447,pháº¥n,2
1448,nÃ´i,2
1449,Ä‘áº¡i,2
1450,kiÃªu,2
1451,nho,2
1452,ns,2
1453,vÃµ,2
1454,á»‘c,2
1455,luÌ‰,2
1456,khÃ¡,2
1457,chÃ¡o,2
1458,trÃ ,2
1459,tá»“i,2
1460,lá»‘n,2
1461,CHá»¬I,2
1462,tá»“n,2
1463,nhiÃªn,2
1464,ráº¡ch,2
1465,Mat,2
1466,chÃºg,2
1467,sang,2
1468,trÆ°ng,2
1469,LON,2
1470,páº¯t,2
1471,Ditme,2
1472,Hiáº¿p,2
1473,chá»£,2
1474,Ä‘á»“n,2
1475,CA,2
1476,dáº¯t,2
1477,tháº£,2
1478,NÃ“,2
1479,bÆ¡Ì£,2
1480,má»,2
1481,rang,2
1482,chao,2
1483,chu,2
1484,ráº­n,2
1485,oan,2
1486,bá»ƒ,2
1487,va,2
1488,bien,2
1489,DM.tháº±ng,2
1490,L.,2
1491,tang,2
1492,lá»…,2
1493,lá»™ng,2
1494,Äá»‡t,2
1495,D,2
1496,Ä‘oáº¡n,2
1497,vch,2
1498,MAY,2
1499,~,2
1500,lá»‘t,2
1501,lá»›n,2
1502,loaÌ£i,2
1503,ngÃ³c,2
1504,MÃ©o,2
1505,Ba,2
1506,tÃ¡ng,2
1507,Vkl,2
1508,XÃ£,2
1509,dáº§y,2
1510,lÃ´,2
1511,dat,2
1512,tieu,2
1513,Äcmm,2
1514,Äu,2
1515,má»¹,2
1516,Quáº­t,2
1517,láº¹o,2
1518,máº¡t,2
1519,xxx,2
1520,baÌn,2
1521,lá»‘,2
1522,láº¥p,2
1523,Lam,2
1524,nghá»‰,2
1525,thk,2
1526,ÄÃ n,2
1527,gÃ©t,2
1528,chuoi,2
1529,Mom,2
1530,Tiá»‡p,2
1531,toang,2
1532,khÃ©t,2
1533,NhÃ¬n,2
1534,Kháº¯c,2
1535,Ä‘áº¡p,2
1536,trÃ¡ng,2
1537,dÃ¹m,2
1538,chuá»™t,2
1539,thoÃ¡t,2
1540,trá»«,2
1541,thÃ´n.lÃ m,2
1542,djt,2
1543,ná»±c,2
1544,mÃ¬n,2
1545,phÃ¡o,2
1546,ná»‘i,2
1547,NÃ£o,2
1548,phao,2
1549,nÃ¢ng,2
1550,khau,2
1551,Giang,2
1552,cÃ¢Ì‰u,2
1553,lew,2
1554,báº¡i,2
1555,Cáº¡n,2
1556,hÃ ,2
1557,rá»—ng,2
1558,vlll,2
1559,tá»‘n,2
1560,kia,2
1561,quá»³,2
1562,dáº«m,2
1563,cÆ°Æ¡Ìp,2
1564,trá»¥c,2
1565,khiáº¿p,2
1566,moÃ¡,2
1567,TQ,2
1568,#,2
1569,Deo,2
1570,NgÆ°á»i,2
1571,BÃŠ,2
1572,ÄÃŠ,2
1573,táº¡m,2
1574,Tá»­,2
1575,chÃ¡y,2
1576,lá»ng,2
1577,mÃ¨o,2
1578,ná»c,2
1579,MÃ¨o,2
1580,ná»n,2
1581,bá»±a,2
1582,ÃM,2
1583,SÃT,2
1584,GIáº¾T,2
1585,thÃ´i,2
1586,quÃ¡n,2
1587,Ä‘á»‘i,2
1588,gÃ´,2
1589,kiáº¿m,2
1590,cÃ¡n,2
1591,lÃ¢u,2
1592,CÃ¡c,2
1593,tháº­t,2
1594,toáº£,2
1595,lin,2
1596,viáº¿t,2
1597,nhÃ£,2
1598,hÃ£nh,2
1599,cáº¥m,2
1600,lÃ´z,2
1601,Ä‘oÃ n,2
1602,Ä‘Ãªm,2
1603,Tuá»•i,2
1604,Äi,2
1605,cÄ‘,2
1606,Ä‘áº§n,2
1607,@,2
1608,xÃ­,2
1609,cmt,2
1610,cÄƒc,2
1611,quÃ¡ch,2
1612,HÃ¹,2
1613,nk,2
1614,bá»›,2
1615,sung,2
1616,GD,2
1617,ká»‹p,2
1618,ruá»™t,2
1619,hl,2
1620,gÃ¢n,2
1621,lÃ¹m,2
1622,ganh,2
1623,trá»£,2
1624,Anh,2
1625,Trym,2
1626,cá»‘t,2
1627,láº¿t,2
1628,hiá»‡n,2
1629,TÃ¢n,2
1630,hÃ£ng,2
1631,bá»“n,2
1632,shit,2
1633,Láº¬T,2
1634,náº¥u,2
1635,Má»“m,2
1636,VÃ”,2
1637,quáº«y,2
1638,cáº¹c,2
1639,lá»±c,2
1640,nÃºp,2
1641,gáº§m,2
1642,giÆ°á»ng,2
1643,clmn,2
1644,dá»ƒ,2
1645,nhá»‹,2
1646,tong,2
1647,trÃ¡ch,2
1648,váº½,2
1649,tranh,2
1650,Kon,2
1651,Náº£n,2
1652,bÃ£i,2
1653,báº¡,2
1654,gÃ o,2
1655,Ä‘Ã ng,2
1656,hoÃ ng,2
1657,Máº¡ng,2
1658,hÃ n,2
1659,bÆ¡m,2
1660,táº­p,2
1661,chá»‘t,2
1662,toÃ ,2
1663,Vc,2
1664,Äáº§u,2
1665,nÃ´n,2
1666,TaÌ€u,2
1667,chiÌ‰,2
1668,xÃ¡ch,2
1669,cdmm,2
1670,adua,2
1671,yÃªn,2
1672,Ä‘iáº¿m,2
1673,gu,2
1674,chÃªt,2
1675,toi,2
1676,thÆ¡,2
1677,nhÃ¬u,2
1678,dÃ²ng,2
1679,Má»‹a,2
1680,Than,2
1681,nÆ°Æ¡Ìc,2
1682,tiáº¿n,2
1683,ngá»­a,2
1684,tÃ­ch,2
1685,Buá»“i,2
1686,máº¡,2
1687,HÃ n,2
1688,Sáº¡o,2
1689,xá»“n,2
1690,lÆ°Ì€a,2
1691,naÌt,2
1692,Ä‘Æ°Ìc,2
1693,caÌi,2
1694,nl,2
1695,nhá»§ng,2
1696,umÃª,2
1697,chetme,2
1698,CÆ°á»›p,2
1699,tráº§n,2
1700,Ä‘a,2
1701,lÄƒng,2
1702,tÄ©u,2
1703,lá»‡ch,2
1704,Lá»’N,2
1705,doanh,2
1706,lung,2
1707,vá»‡,2
1708,chá»Ÿ,2
1709,lá»,2
1710,bt,2
1711,kiá»‡n,2
1712,gáº¡,2
1713,chuá»“ng,2
1714,Vá»šI,2
1715,ÃC,2
1716,DÃ‚N,2
1717,tuc,2
1718,nham,2
1719,bÄƒng,2
1720,vÆ°á»£n,2
1721,máº«u,2
1722,9,2
1723,phuong,2
1724,NoÌ,2
1725,song,2
1726,háº¥p,2
1727,nguyÃªn,2
1728,Cáº£,2
1729,nguá»µ,2
1730,Máº·t,2
1731,am,2
1732,choÃ¡,2
1733,trá»«ng,2
1734,háº£,2
1735,luÃ¢n,2
1736,Kinh,2
1737,Ä‘jt,2
1738,Ä‘á»‹nh,2
1739,cÄ‘m,2
1740,muá»™i,2
1741,Khau,2
1742,nhá»‘t,2
1743,thá»±c,2
1744,ngÃ¢n,2
1745,má»‹n,2
1746,cung,2
1747,tÃ³c,2
1748,Ã´n,2
1749,Äá»ŠT,2
1750,chay,2
1751,doc,2
1752,dÃ³c,2
1753,Cai,2
1754,chÃ¢Ìt,2
1755,Ä‘Ã´Ì£c,2
1756,chá»©a,2
1757,tam,2
1758,hÃºp,2
1759,Linh,2
1760,má»‡,2
1761,Ä‘iÃªu,2
1762,trug,2
1763,bÃ¡g,2
1764,bá»•,2
1765,phá»‰,2
1766,Lao,2
1767,tÆ°Æ¡ng,2
1768,bÃ¬nh,2
1769,ÄMCS,2
1770,thÃªm,2
1771,láº½,2
1772,lÃ©,2
1773,bá»‰,2
1774,ThÄƒÌ€ng,2
1775,phang,2
1776,cÃ´Ì‰,2
1777,dáº¡,2
1778,LÃ£o,2
1779,nhÄƒng,2
1780,Váº¹m,2
1781,dac,2
1782,cailoncat,2
1783,Tháº§n,2
1784,Ä‘Ã¹,2
1785,Chá»‹,2
1786,lá»‹t,2
1787,vn,2
1788,tp,2
1789,Mao,2
1790,Ä‘á»“ng,2
1791,MÅ©i,2
1792,tra,2
1793,Lá»«a,2
1794,nha,2
1795,hi,2
1796,luáº­t,2
1797,phaÌp,2
1798,váº£i,2
1799,nghiÃªÌ£p,2
1800,há»•,2
1801,báº§u,2
1802,BÃ£i,2
1803,vÆ¡,2
1804,THÃCH,2
1805,báº§y,2
1806,bÃ­,2
1807,KHUNG,2
1808,Cu,2
1809,treo,2
1810,bá»‹p,2
1811,chá»c,2
1812,Cá»¥,2
1813,Pháº¯c,2
1814,DMCS,2
1815,vá»©t,2
1816,dÃº,2
1817,lá»“nn,2
1818,ngÃ¡p,2
1819,voi,2
1820,tÃ ,2
1821,chÆ°á»Ÿng,2
1822,bÆ°á»›m,2
1823,Táº§u,2
1824,xá»‰,2
1825,nháº­t,2
1826,bá»•n,2
1827,bÃ©o,2
1828,Quáº£,2
1829,thá»•,2
1830,ThÄƒng,2
1831,puá»“i,2
1832,má»£,2
1833,boom,2
1834,dislike,2
1835,duy,2
1836,Cáº·n,2
1837,Äá»©c,2
1838,r,2
1839,Im,2
1840,lozzz,2
1841,phaÌ‰n,2
1842,láº¯m.Äm,2
1843,chá»­a,2
1844,Ähs,2
1845,Má»“,2
1846,satan,2
1847,ngang,2
1848,Ä‘ien,2
1849,giam,2
1850,o,2
1851,gan,2
1852,tÃ¢Ì£t,2
1853,bake,2
1854,vaÌƒi,2
1855,giáº¥u,2
1856,Ä‘áº¥u,2
1857,lÃ¡c,2
1858,chÃ³p,2
1859,rÃ¢u,2
1860,tiá»‡t,2
1861,thÃ´n,2
1862,cá»i,2
1863,Ä‘me,2
1864,chuáº©n,2
1865,ngon,2
1866,muÃ´n,2
1867,chá»‡t,2
1868,háº¿n,2
1869,chan,2
1870,Bá»‘c,2
1871,há»‘ng,2
1872,DM.thÃ¨ng,2
1873,Cá»™ng,2
1874,zÃ´,2
1875,zÄƒn,2
1876,má»‘i,2
1877,xÃ©,2
1878,nháº¡c,2
1879,c.nÃ³,2
1880,tuá»™t,2
1881,chuyÃªn,2
1882,ÄiÃªn,2
1883,cá»­a,2
1884,lÃ¹i,2
1885,show,2
1886,vá»«a,2
1887,ThÆ°á»£ng,2
1888,Liáº¿m,2
1889,trÃ¹ng,2
1890,truá»µ,2
1891,bcs,2
1892,Ä‘el,2
1893,chÆ°á»Ÿi,2
1894,Ä‘Æ¡Ì€i,2
1895,cnÃ³,2
1896,xáº£o,2
1897,Ä‘Ã³ng,2
1898,phÃ­,2
1899,rá»™ng,2
1900,hiep,2
1901,NgÃ¡o,2
1902,bai,2
1903,chÃ©n,2
1904,eÌo,2
1905,thÆ¡m,2
1906,dis,2
1907,duong,2
1908,gÃª,2
1909,gio,2
1910,go,2
1911,má»‰a,2
1912,mai,2
1913,trÃ o,2
1914,trá»c,2
1915,Cá»¤C,2
1916,ngoan,2
1917,Moáº¹,2
1918,trÆ°á»›c,2
1919,gáº·p,2
1920,lÃ²ng,2
1921,há»­i,2
1922,lá»©ng,2
1923,mÃ²n,2
1924,táº§ng,2
1925,giÃ¡p,2
1926,maÌu,2
1927,cak,2
1928,thuyáº¿t,2
1929,Ä‘á»‡ch,2
1930,dáº¡ng,2
1931,cáº£n,2
1932,Ä‘ui,2
1933,cá»‘ng,2
1934,bang,2
1935,loa,2
1936,trai,2
1937,toÃ©t,2
1938,hÆ°,2
1939,phÆ°Æ¡ng,2
1940,TiÃªn,2
1941,tá»‰,2
1942,lÃ¹,2
1943,concac,2
1944,i,2
1945,BÃ’,2
1946,láº§y,2
1947,hoÃ i,2
1948,ğŸ˜ğŸ˜,2
1949,cno,2
1950,Ã¡,2
1951,dáº»o,2
1952,dcm,2
1953,phe,2
1954,thÃ¢y,2
1955,lÃ n,2
1956,Máº¯c,2
1957,quoc,2
1958,Ä‘áº±ng,2
1959,Chua,2
1960,ráº½,2
1961,mÃ³i,2
1962,tÃ¡t,2
1963,xá»™n,2
1964,pÃ ,2
1965,chá»,2
1966,Cá»¨T,2
1967,vay,2
1968,má»‡t,2
1969,má»i,2
1970,cáº·t,2
1971,boÌ€,2
1972,vaÌ€ng,2
1973,maÌƒ,2
1974,vÃ¡i,2
1975,chá»›n,2
1976,lÆ°á»ng,2
1977,triÌ£,2
1978,mÃ¢Ìy,2
1979,Ã¢Ìy,2
1980,Äáº¢,2
1981,Äáº¢O,2
1982,káº¹c,2
1983,cá»¥p,2
1984,Ä‘uÃ´i,2
1985,canh,2
1986,thiá»‡n,2
1987,cáº£m,2
1988,ná»‹nh,2
1989,Ä‘iáº¿c,2
1990,nÃ©,1
1991,cá»±c,1
1992,sÄƒm,1
1993,trá»•,1
1994,ÃCH,1
1995,Ká»¶,1
1996,há»p,1
1997,trá»§ng,1
1998,ThÃ²,1
1999,cháº¯ng,1
2000,5,1
2001,tÃ´m,1
2002,lá»“nnn,1
2003,sá»­u,1
2004,LÃºp,1
2005,lÃºp,1
2006,ditme,1
2007,ngáº§u,1
2008,xuÃ´i,1
2009,quáº¡n,1
2010,8,1
2011,tá»‹,1
2012,HÃ¨n,1
2013,ge,1
2014,quÃ¢n,1
2015,dsc,1
2016,Ä‘uÌƒy,1
2017,ná»Ÿ,1
2018,Duma.nhá»,1
2019,lamg,1
2020,káº¿t.NÃ³i,1
2021,Ä‘Ã¢y.ngÆ°á»i,1
2022,e,1
2023,máº¹.mÃ ,1
2024,chÅ©i,1
2025,cmcm,1
2026,chuyen,1
2027,gioi,1
2028,nhin,1
2029,dut.ong,1
2030,quÃ¡.mÃ¡,1
2031,vá»‹n,1
2032,vinh,1
2033,láº§m,1
2034,háº¡nh,1
2035,Khá»‰,1
2036,anti,1
2037,miá»‡ng.hung,1
2038,dá»¯.nÃ³i,1
2039,Hi,1
2040,cháº­t,1
2041,khoe,1
2042,ghÃª.cÃ²n,1
2043,trÃ¹m,1
2044,nhap,1
2045,taÌ£i,1
2046,xaÌƒ,1
2047,hÃ´Ì£i,1
2048,chiÌnh,1
2049,laÌ£i,1
2050,cÃ¢Ì€n,1
2051,Loáº¡n,1
2052,dÃºa,1
2053,K,1
2054,nÃ­n,1
2055,VÃ™NG,1
2056,cÃ¡m,1
2057,si.tháº±ng,1
2058,treÌ‰,1
2059,vÃªÌ€,1
2060,thÆ°Ì£c,1
2061,TÃ¡ng,1
2062,váº«n.nÃ³i,1
2063,THáº°NG,1
2064,Ä‚N,1
2065,THUA,1
2066,Cáº¢,1
2067,Bá»C,1
2068,nhuyá»…n,1
2069,Náº°M,1
2070,Ã“C,1
2071,Äáº¥t,1
2072,cc.Äi,1
2073,vkl.Thá»­,1
2074,lÃ¢m,1
2075,thá»“n,1
2076,bá»t,1
2077,máº­p,1
2078,ngháº¹o,1
2079,rua.tao,1
2080,lao.thay,1
2081,chuá»‘i,1
2082,cÃ¹ng,1
2083,phá»¥t,1
2084,niÃªn,1
2085,ÄáººNG,1
2086,Äá»,1
2087,lÃ­nh,1
2088,taxi,1
2089,Ná»±c,1
2090,Äáº¿,1
2091,vice,1
2092,quÃ¨Ì‰,1
2093,hoan,1
2094,Miá»‡ng,1
2095,Ä‘Ä©a,1
2096,Vler,1
2097,kÄƒ.c.,1
2098,VL,1
2099,Ä‘Ã¡p,1
2100,vÃº,1
2101,Ã .Ä‘km,1
2102,tá»§n,1
2103,má»§n,1
2104,áº©u,1
2105,báº­y.T,1
2106,dcu,1
2107,bÃ¹m,1
2108,ÄÃ¢m,1
2109,b,1
2110,Ä‘achlone,1
2111,bÃ¢u,1
2112,xá»‹n,1
2113,thiÌ€,1
2114,giÌ€,1
2115,chÆ°Ìƒ,1
2116,Há»“n,1
2117,K-ICM,1
2118,háº­m,1
2119,há»±c,1
2120,Wtf,1
2121,chá»™t,1
2122,lieu,1
2123,sach,1
2124,Ä‘áº¯ng,1
2125,ga,1
2126,900mil,1
2127,USD,1
2128,`,1
2129,Háº¿t,1
2130,chuyá»‡n.mÃ£i,1
2131,Ä‘c.nÃ³,1
2132,gÃ¬.nÃ³i,1
2133,tiu,1
2134,xÃ i,1
2135,vÆ°Æ¡ng,1
2136,mÃ yyy,1
2137,há»£m,1
2138,liá»‡t,1
2139,CL,1
2140,rá»›t,1
2141,máº¯m,1
2142,chÄƒn,1
2143,Äeos,1
2144,vll,1
2145,Láº¡c,1
2146,cÆ°Æ¡p.thá»i,1
2147,ditmevualonetaolam,1
2148,háº¹o,1
2149,Kho,1
2150,thÃ ng,1
2151,ChuyÃªn,1
2152,chuan,1
2153,men,1
2154,Váº«n,1
2155,coin,1
2156,card,1
2157,miáº¿n,1
2158,ziÃªn,1
2159,liá»n,1
2160,12,1
2161,dÃ³ng,1
2162,nÃ oğŸ¤”,1
2163,riáº¿t,1
2164,káº¹t,1
2165,BD,1
2166,ná»—,1
2167,phÃºng,1
2168,xoay,1
2169,nhÃ m,1
2170,lá»“á»“n,1
2171,thÄƒÌ€g,1
2172,Ä‘Ã¢Ì£p,1
2173,CCCÄ,1
2174,sá»,1
2175,truÌ€ng,1
2176,KhuyÃªÌt,1
2177,thÃ©t,1
2178,láº¯c,1
2179,dua,1
2180,GaiğŸ¤£,1
2181,á»±,1
2182,Ä‘Ã³.Ã©o,1
2183,há»‰u,1
2184,ÄÃ o,1
2185,conquy,1
2186,chÆ°Æ¡ng,1
2187,voi.bÃª,1
2188,NÃ³i,1
2189,ÄÃºng,1
2190,Tiá»‡p-káº»,1
2191,Ãc,1
2192,Ä‘jtme,1
2193,cÄƒt,1
2194,Báº¯t,1
2195,nhÆ¡,1
2196,h,1
2197,DÄƒm,1
2198,Vailon,1
2199,má»¥c,1
2200,tá»Ÿn,1
2201,khÃ¡ch,1
2202,Gia,1
2203,bo`,1
2204,baker,1
2205,Chat,1
2206,lgi,1
2207,het.thang,1
2208,giet,1
2209,chat,1
2210,Äáº¹p,1
2211,taoo,1
2212,Ngon,1
2213,BÄ,1
2214,khoÃ¡c,1
2215,táº©u,1
2216,cáº¥t,1
2217,SG,1
2218,chÃ­t,1
2219,máº¹â˜»,1
2220,loinmm,1
2221,chÃ¢Ì£m,1
2222,tiÃªÌn,1
2223,Äáº¿ch,1
2224,xá»“m,1
2225,NÃºp,1
2226,Hiá»n,1
2227,thiÌ£t,1
2228,thÃ²,1
2229,Há»“,1
2230,ngá»¯a,1
2231,nuá»›c,1
2232,GoÃ ,1
2233,ll,1
2234,thá»,1
2235,vÃ bg,1
2236,thÆ¡Ì€i,1
2237,HÃ ,1
2238,Ná»™i,1
2239,Tráº¡ch,1
2240,truoc,1
2241,phi,1
2242,Cong,1
2243,páº¹,1
2244,nhin`nha`,1
2245,unfollow,1
2246,bmay,1
2247,pbvm,1
2248,LÃ­,1
2249,tráº¥u,1
2250,tinğŸ˜,1
2251,ngheÌ£o,1
2252,phÃ².cao,1
2253,xoÃ¡,1
2254,VNCH,1
2255,tet,1
2256,khiáº¿n,1
2257,tÃ©t,1
2258,16,1
2259,top,1
2260,lÃ y,1
2261,Sáº£n,1
2262,Ä‘Ã´Ã´á»™oong,1
2263,váº©u,1
2264,tá»‹t,1
2265,tá»©,1
2266,gÃ¯a,1
2267,tÄ…o,1
2268,mie,1
2269,TÃ€N,1
2270,THÃš,1
2271,Äme,1
2272,Ä‘Ã¹i,1
2273,Bu,1
2274,dá»“,1
2275,truá»“ng,1
2276,sang.nq,1
2277,bÃ¡t,1
2278,Thanglon,1
2279,vá»ng,1
2280,bá»,1
2281,pháº¹c,1
2282,tinh.no,1
2283,di.dong,1
2284,vong.Chá»‰,1
2285,SÆ°,1
2286,Cailozcatkhong,1
2287,áº¤u,1
2288,Huyá»n,1
2289,thoáº¡i,1
2290,lanh,1
2291,ÄÃ´ng,1
2292,sáº±n,1
2293,BÃ¹i,1
2294,oe,1
2295,loáº±n,1
2296,thÃ¡h,1
2297,rÃ£h,1
2298,hÃ¡g,1
2299,ch,1
2300,Ã³,1
2301,nhiÃªÌ€u,1
2302,quaÌ,1
2303,biá»‡n,1
2304,Vaicalon,1
2305,Sang,1
2306,Ä‘á»£,1
2307,BÃ³p,1
2308,DÃ¡i,1
2309,Nháº¡c,1
2310,CÃI,1
2311,láº£ng,1
2312,váº£ng,1
2313,mÄ©,1
2314,cÆ¡n,1
2315,sáº£n.ngÆ°á»i,1
2316,Clg,1
2317,kiep,1
2318,ngá»¯,1
2319,khiÃªu,1
2320,khÃ­ch,1
2321,clck,1
2322,Ämcs,1
2323,bá»©c,1
2324,Ä‘áº«m,1
2325,Tá»Ÿm,1
2326,alibaba,1
2327,sá»‘ng.tá»¥i,1
2328,Ä‘Ã¢y.lÅ©,1
2329,trÃ¡nh,1
2330,uáº¿,1
2331,ğŸ‘ğŸ¿,1
2332,Äá»›p,1
2333,moÌ£i,1
2334,rÆ¡Ì£,1
2335,lÃ´ng.gáº¡ch,1
2336,Ä‘á»§,1
2337,Anlonroi,1
2338,náº¿ttt,1
2339,rá»‰,1
2340,cÄ‘l,1
2341,cÆ°Ì‰,1
2342,luÃ¢Ì£t,1
2343,dÃ´Ìi,1
2344,traÌ,1
2345,lÃ´Ì£c,1
2346,Ä‘Ã´Ì€i,1
2347,thÃ´Ìi,1
2348,Ä‘ÃªÌn,1
2349,cmmr,1
2350,Cáº·c,1
2351,chÃ¢n,1
2352,lyÌ,1
2353,tÆ°Æ¡Ì‰ng,1
2354,Ä‘Æ°Æ¡Ì€ng,1
2355,lÃ´Ìi,1
2356,bÃ¢Ì€u,1
2357,Team,1
2358,xá»‹t,1
2359,CÃšT,1
2360,cháº¿t.cÃ²n,1
2361,kiá»‡t,1
2362,ngá»¥a,1
2363,chÃ¬a,1
2364,l.ná»­a,1
2365,sÆ°Ì‰u,1
2366,cmnÄ‘,1
2367,tháº¯m.m,1
2368,táº§u,1
2369,vcd,1
2370,hÄƒm,1
2371,doáº¡,1
2372,buooi,1
2373,náº¡c,1
2374,táº©m,1
2375,vÃ¢n.máº¥y,1
2376,virut,1
2377,HÃ”,1
2378,MÃ”I,1
2379,náº¡nh,1
2380,tat,1
2381,wai,1
2382,khua,1
2383,cáº©n,1
2384,tháº­n,1
2385,Rau,1
2386,tÆ°á»›i,1
2387,nhá»›t,1
2388,phá»t,1
2389,Ä‘Ã¡o,1
2390,Tien,1
2391,Phang,1
2392,vuá»‘t,1
2393,keÌo,1
2394,Äá»¥ma,1
2395,osin,1
2396,gá»‘m,1
2397,cáº·m,1
2398,BÃº,1
2399,vailunnn,1
2400,Há»’,1
2401,CHÃ,1
2402,MINH,1
2403,GIáº¢,1
2404,Vlol,1
2405,CÃ“C,1
2406,ğŸ’©ğŸ’©,1
2407,nhungğŸ˜¡,1
2408,Xaolonnnnnnnnn=,1
2409,Ä‘áº·c,1
2410,vÃ©n,1
2411,tz,1
2412,lÃ i,1
2413,Vcc,1
2414,Ä‘á»™t,1
2415,Dáº¦Y,1
2416,THáº¤T,1
2417,Há»ŒC,1
2418,VÄ‚N,1
2419,HÃ“A,1
2420,LÃ“C,1
2421,Khiep,1
2422,Vo,1
2423,Dien,1
2424,SÃ m,1
2425,Tá»™i,1
2426,rong,1
2427,THUI,1
2428,Phan,1
2429,cÆ°á»¡ng,1
2430,nuÃ´n,1
2431,váº¥t,1
2432,nhÃ´t,1
2433,tr,1
2434,usd,1
2435,lÃ©p,1
2436,Ä‘mcs,1
2437,thag,1
2438,cáº­y,1
2439,khoa,1
2440,pÃ´mÃ´sa,1
2441,nÃºi,1
2442,khoáº»,1
2443,Náº¿u,1
2444,cd,1
2445,ngÃ´ng,1
2446,sÄƒÌ£c,1
2447,tÃ´Ì‰,1
2448,cmnm,1
2449,láº¯m.cháº¿t,1
2450,bar,1
2451,qÃ¡,1
2452,XÃ­ch,1
2453,phÃ ,1
2454,máº¹t,1
2455,Tháº­t,1
2456,duma,1
2457,What,1
2458,Ä‘á»,1
2459,pháº¯c,1
2460,Fuck,1
2461,Sá»”,1
2462,nang,1
2463,cáº¯t,1
2464,Ä‘Ã´i,1
2465,BCS,1
2466,deu,1
2467,MÃ,1
2468,páº£n,1
2469,sÃ´ng,1
2470,Rich,1
2471,kid,1
2472,kiá»u,1
2473,chá»•,1
2474,trÃº,1
2475,cá»«,1
2476,XÃ“A,1
2477,Gáº§n,1
2478,xinh,1
2479,cáº£.VÃ´,1
2480,Coi,1
2481,thá»­,1
2482,hÃ m,1
2483,chá»‰nh,1
2484,trÃ´i,1
2485,phanh,1
2486,reÌ‰,1
2487,Ä‘Æ°Ì,1
2488,c.thÃª,1
2489,hoÌa,1
2490,rÆ°Ì€ng,1
2491,ruÌ,1
2492,sÆ¡Ì‰,1
2493,ngoi,1
2494,Tráº¡i,1
2495,Bo,1
2496,Tay,1
2497,Com,1
2498,Sá»,1
2499,táº¯m,1
2500,Äá»,1
2501,bÃ¢Ì£y,1
2502,Ranh,1
2503,BuÌ£ng,1
2504,baÌ€i,1
2505,Ä‘ÄƒÌ£t,1
2506,kon,1
2507,nhÃ¡o,1
2508,cháº£m,1
2509,rao,1
2510,náº£o,1
2511,BÃ¡nh,1
2512,xáº¿p,1
2513,pha,1
2514,VÅ©,1
2515,ngá»±c,1
2516,ChuÌng,1
2517,hih,1
2518,fuckboi,1
2519,DM,1
2520,xiaolin,1
2521,mÃ¢y,1
2522,khá»i,1
2523,Chá»‹u,1
2524,riÃªu,1
2525,NÃ€O,1
2526,Tá»T,1
2527,Äáº¸P,1
2528,ÄÃ‚U,1
2529,Ccc,1
2530,comcom,1
2531,og,1
2532,vklğŸ˜‚ğŸ˜‚,1
2533,RÃ¡ch,1
2534,Ä‘Ã³m,1
2535,nháº¡t,1
2536,hoáº£,1
2537,lÆ°á»i,1
2538,biáº¿ng,1
2539,CÃ“,1
2540,TÃŠN,1
2541,Ä‘iÃªn.vÃ´,1
2542,rá»“i.cáº£,1
2543,cÆ°á»¡i,1
2544,Cha,1
2545,cljv,1
2546,ğŸ–•ğŸ»,1
2547,loinf,1
2548,3d,1
2549,ğŸ˜¡,1
2550,sÅ«a,1
2551,miá»‡t,1
2552,pháº­t,1
2553,xÃ ,1
2554,Dcmm,1
2555,pháº³ng.tháº¥y,1
2556,mÃ .tá»¥i,1
2557,Ã ğŸ˜’,1
2558,phÆ¡i,1
2559,Deoooo,1
2560,láº¡i.dm,1
2561,sÆ°Æ¡ng,1
2562,PhÃ¡p,1
2563,pÃ .Ä‘i,1
2564,thá»t,1
2565,giÃ¡m,1
2566,ToÃ n,1
2567,gá»­i,1
2568,tretrau,1
2569,ğŸ˜‘,1
2570,CCCCC,1
2571,xÃ³,1
2572,Ä‘o,1
2573,luáº­n.nhÆ°ng,1
2574,ngÃ¡i,1
2575,dá»©a,1
2576,xÃ¹,1
2577,ngáº¡o,1
2578,TRÃšNG,1
2579,GIÃ“,1
2580,ciu,1
2581,bá»‹nh,1
2582,CaÌi,1
2583,naÌ€y,1
2584,Ngá»©a,1
2585,Cáº£nh,1
2586,má»™,1
2587,khu,1
2588,Ä‘Ã©ll,1
2589,Giá»,1
2590,giáº¥c,1
2591,luan,1
2592,nhÆ°nlol,1
2593,záº­t,1
2594,truoc.chá»­i,1
2595,Tá»¤C,1
2596,TÄ¨U,1
2597,thuÃª,1
2598,clmmm,1
2599,Ä‘uÌ€,1
2600,Ä‘eÌ‰,1
2601,ÄuÌ€,1
2602,pÃª,1
2603,tiá»‡p,1
2604,Táº¿,1
2605,Ä‘uÌ‰,1
2606,khÄƒÌm,1
2607,vÆ¡Ìi,1
2608,triÌ€nh,1
2609,cuÌ‰a,1
2610,thÄƒÌ,1
2611,m.chi,1
2612,chiÌ£ch,1
2613,ráº£,1
2614,CÆ¡m,1
2615,SÆ°á»n,1
2616,Dm.tháº±ng,1
2617,Ä‘á»™ng.gÃ¡c,1
2618,mÃ y.sao,1
2619,cáº¯n.dm.,1
2620,cáº¹t,1
2621,Äƒn.may,1
2622,zdam,1
2623,VÃ¢ng.tháº±ng,1
2624,j.ng,1
2625,trÃ´n,1
2626,ÄeÌo,1
2627,dÄ©,1
2628,Uá»‘ng,1
2629,l.o.n,1
2630,ná»“iğŸ˜‚,1
2631,quáº¹t,1
2632,moÌ‰,1
2633,qua.chá»­i,1
2634,chui.may,1
2635,kinh.Ä‘Ã¢u,1
2636,mai.chá»­i,1
2637,thoáº£i,1
2638,thoi,1
2639,Ä‘Æ°á»i,1
2640,Æ°Æ¡i,1
2641,thá»‘n,1
2642,Ä‘cÄ‘,1
2643,Quá»¹,1
2644,cáº±c,1
2645,Há»,1
2646,ducanger,1
2647,suá»‘t,1
2648,xoáº¡c,1
2649,cáº­t,1
2650,triáº¿t,1
2651,Háº¡i,1
2652,rÃ³t,1
2653,wtf,1
2654,Máº½o,1
2655,cá»“ng,1
2656,oÃ¡ch,1
2657,lÃ¡ch,1
2658,tro,1
2659,he.cho,1
2660,máº¹.thuyáº¿t,1
2661,len,1
2662,vlğŸ™‚,1
2663,Nghiá»‡p,1
2664,ChÃ´n,1
2665,nghiá»‡m,1
2666,quÃ©t,1
2667,TÃ¢m,1
2668,Duma,1
2669,ChÆ°i,1
2670,trÃ¢n,1
2671,thuÃ´i,1
2672,UNG,1
2673,THU,1
2674,lÆ°oi,1
2675,loaÌ€i,1
2676,khoÌc,1
2677,Ä‘Ã¢Ìt,1
2678,biÃªÌ‰n,1
2679,ThÃ´ng,1
2680,Trá»i,1
2681,Tuáº¥n,1
2682,Nl,1
2683,gÃ©c,1
2684,tháº£m,1
2685,triá»‡u,1
2686,tÃ­n,1
2687,Ä‘oÌ‰,1
2688,thá»›t.Tháº±ng,1
2689,chiÌ£,1
2690,yÌ,1
2691,thÆ°Ìc,1
2692,thoÃ¡ng.nÃ³,1
2693,máº¹.Bá»™,1
2694,gÃ¬.NGUá»´,1
2695,BIá»†N,1
2696,phÃ¡ch,1
2697,Ä‘á»µt,1
2698,Äá»µt,1
2699,chá»­i.sai,1
2700,chá»­i.thÃ nh,1
2701,bj,1
2702,trá»“ng,1
2703,chá»™p,1
2704,áº¤y,1
2705,Chai,1
2706,sting,1
2707,Ä‘á»¹,1
2708,Ä‘áº½,1
2709,Äá»¥mÃ¡mÃ i,1
2710,Dá»‹,1
2711,ho.chj,1
2712,chon,1
2713,duoi,1
2714,thoi.ko,1
2715,gjam,1
2716,gui,1
2717,phÃ¨o,1
2718,Vloz,1
2719,Ä‘Ã¬nh,1
2720,lÃªn.báº¥t,1
2721,cháº£y,1
2722,SL,1
2723,rÆ°á»£u,1
2724,Äuá»µt,1
2725,Xaolon,1
2726,Be,1
2727,nÃ³.kkkk.,1
2728,chá»‰a,1
2729,nÃ¨,1
2730,lá»™i,1
2731,hiáº¿n,1
2732,SÃºng,1
2733,nghi,1
2734,loáº¡t,1
2735,dmd,1
2736,Äá»·,1
2737,Gian,1
2738,ThÃ¹ng,1
2739,ná»,1
2740,chá»“n,1
2741,Ä‘Ã£ng,1
2742,lÆ°á»›c,1
2743,nhá»,1
2744,nÆ°á»£ng,1
2745,lá»±u,1
2746,nÃ m,1
2747,kÃ¡ch,1
2748,má»‡nh,1
2749,GÃ¬,1
2750,sÃ i,1
2751,Nháº¡,1
2752,ngá»ng,1
2753,CMN,1
2754,Toanggg,1
2755,thuÌi,1
2756,hÃ¢Ì€m,1
2757,Káº¹c,1
2758,tÃ¡c,1
2759,dot,1
2760,Dmcs,1
2761,Lá»—,1
2762,llon,1
2763,á»¨c,1
2764,lÅ¯a,1
2765,lá»«ng,1
2766,TÆ°á»Ÿng,1
2767,tet.bon,1
2768,bia,1
2769,ruou,1
2770,tÃ¢y.vÃ ,1
2771,hanh,1
2772,ğŸ¤¬,1
2773,Clgv,1
2774,há»ng,1
2775,Tháº£m,1
2776,rá»—i,1
2777,ngÃ nh,1
2778,buá»™c,1
2779,lá»u,1
2780,Ná»‘n,1
2781,sÆ°á»n,1
2782,BoÃ¡c,1
2783,san,1
2784,te,1
2785,tua,1
2786,Lá»“.n,1
2787,vÃ­,1
2788,YÃªu,1
2789,Cáº§u,1
2790,CÃ¡,1
2791,MÃ³ng,1
2792,PhÃ¨n,1
2793,gá»•,1
2794,lÃºa,1
2795,Cáº¯n,1
2796,Báº­y,1
2797,láº³ng,1
2798,khÃ¹ng.nÃ³i,1
2799,teo,1
2800,háº­u.Ã¡c,1
2801,MÃ¢m,1
2802,Ráº£nh,1
2803,hÃ¡nh,1
2804,Äá»“ng,1
2805,cÃ¢Ì€u,1
2806,Cá»˜NG,1
2807,Stupid,1
2808,nguu,1
2809,hoÃ n,1
2810,lá»—n,1
2811,dÃ¢u,1
2812,lá»§ng,1
2813,ÄÆ¯á»œNG,1
2814,bá»“i,1
2815,tháº¯ng,1
2816,Tnao,1
2817,iot,1
2818,chá»±c,1
2819,ccj,1
2820,Thua,1
2821,ahbp,1
2822,Ä‘i.nÃºp,1
2823,chá»­i.Ã©o,1
2824,ğŸ”,1
2825,Sá»NG,1
2826,LANG,1
2827,THANG,1
2828,NGOÃ€I,1
2829,nÃ y.dm,1
2830,lá»•,1
2831,fl,1
2832,Cá»§,1
2833,Älq,1
2834,NCC,1
2835,ua,1
2836,cáº¡ch,1
2837,vÃ£,1
2838,Ä‘v,1
2839,ngáº¡,1
2840,Me.bon,1
2841,di.no,1
2842,ğŸ’€ğŸ’€ğŸ’€,1
2843,WTF,1
2844,nhá»‰,1
2845,Ä‘em,1
2846,bÃªnh,1
2847,huy,1
2848,VÃ©t,1
2849,Ä‘áº¡oVN,1
2850,LÆ°Æ°,1
2851,Ì£sÃ´Ìng,1
2852,Ä‘Æ°Ì‰,1
2853,bÃªÌ£nh,1
2854,kiÃªÌ£t,1
2855,khaÌng,1
2856,Chet,1
2857,thiá»‡t.con,1
2858,dÃµm,1
2859,ln.lá»«a,1
2860,Ä‘uá»µt,1
2861,dáº¯c,1
2862,má»§i,1
2863,khiá»ƒn,1
2864,thiÃªu,1
2865,huá»·,1
2866,saÌ‰n,1
2867,Ä‘aÌƒ,1
2868,biÌ£,1
2869,váº¯t,1
2870,cháº­m,1
2871,bá»¥c,1
2872,kut,1
2873,fat,1
2874,kÃª,1
2875,dÃ£n,1
2876,trÃ²ng,1
2877,bÃ¬nh.mÃ´i,1
2878,nhÃ©,1
2879,táº¯c,1
2880,cml,1
2881,KhiÃªu,1
2882,them,1
2883,Káº·c,1
2884,cá»±a.nÃ³,1
2885,á»“n,1
2886,Ã o,1
2887,bu.diá»…n,1
2888,cÆ°á»i.Ä‘Ã©o,1
2889,Táº§n,1
2890,diá»…u,1
2891,cá»£t,1
2892,nÃ y.dm.tÃ´i,1
2893,dmğŸ˜,1
2894,online,1
2895,náº£n,1
2896,buá»“.i,1
2897,hon,1
2898,rÃª,1
2899,á»‰,1
2900,áº¹,1
2901,caÌch,1
2902,bá»«a,1
2903,pháº«u,1
2904,nc.ngá»«oi,1
2905,rem,1
2906,giá»¯a.kkk,1
2907,náº¯m,1
2908,Má»,1
2909,den,1
2910,ná»©kg,1
2911,nhÆ°.cha,1
2912,Ä‘á»‹tmáº¹,1
2913,gÃ¬.Ä‘au,1
2914,chong,1
2915,LÃ’,1
2916,TÃ”N,1
2917,xÃ©n,1
2918,Dá»‹t,1
2919,cuu,1
2920,cháº¿tluondi,1
2921,xáº¡,1
2922,ne.chui,1
2923,hau,1
2924,ap,1
2925,xÃ©t,1
2926,loÃ£,1
2927,Biáº¿n,1
2928,vlllll,1
2929,láº¡lol,1
2930,TAO,1
2931,ğŸ‚,1
2932,láº­n,1
2933,giá»±t,1
2934,Bá»‡nh.thÃ nh,1
2935,Dá»‘i,1
2936,TÃ n,1
2937,Äáº¿n,1
2938,Ä‘á»¥c,1
2939,nghá»‹ch,1
2940,Má»™t,1
2941,chiÌ€m,1
2942,LoaÌ£n,1
2943,laÌ£c,1
2944,baÌ£o,1
2945,haÌ€nh,1
2946,laÌ£m,1
2947,duÌ£ng,1
2948,td,1
2949,nhuÃ¢Ì£n,1
2950,haÌ£i,1
2951,ac,1
2952,Ko,1
2953,FÃºck,1
2954,trÃ´Ì£m,1
2955,vÄƒÌ£t,1
2956,taÌ‰ng,1
2957,trá»©ng,1
2958,láº£i,1
2959,tg.Ä‘i,1
2960,trÃ´Ì£n,1
2961,vaÌ€o,1
2962,Ä‘ÃªÌ‰,1
2963,tÄƒng,1
2964,lÆ¡Ì£i,1
2965,xÃ³c,1
2966,nÆ¡i,1
2967,khá»­a,1
2968,tÆ°á»£ng,1
2969,1lá»§,1
2970,thuá»·,1
2971,liá»‡u,1
2972,luÃ´n.loáº¡i,1
2973,sly,1
2974,xá»‘p,1
2975,kongsan,1
2976,thÃ©p,1
2977,cÃ m,1
2978,rÃ m,1
2979,e.xao,1
2980,phen,1
2981,chÃ ,1
2982,_,1
2983,dinh,1
2984,thá»±,1
2985,trÆ°á»Ÿng,1
2986,buÃ´n,1
2987,láº­u,1
2988,clgv,1
2989,trÃ¡n,1
2990,Vaidai,1
2991,2thag,1
2992,busss,1
2993,cuuu,1
2994,Chim,1
2995,nidalee,1
2996,taÌ€i,1
2997,luat,1
2998,Tsb,1
2999,acc,1
3000,Loan,1
3001,cgai,1
3002,lÆ°c,1
3003,bá»‹t,1
3004,Caiditmemay,1
3005,máº­t,1
3006,lÃ´m,1
3007,xaÌ€m,1
3008,lÃ´Ì€ng,1
3009,dá»,1
3010,pÃ³nk,1
3011,nÃ¡t.Ä‘kmm,1
3012,Äumoe,1
3013,ThiÃªn,1
3014,xhcn,1
3015,trÄ©,1
3016,Tráº¯ng,1
3017,kÃªnh,1
3018,kiá»‡u,1
3019,cÃ¹i,1
3020,báº¯p,1
3021,Tphcm,1
3022,Hoáº¡,1
3023,khe,1
3024,no.e,1
3025,no.cho,1
3026,HÃ¡n,1
3027,Xáº O,1
3028,C.,1
3029,qáº±n,1
3030,qÃ¨,1
3031,tá»‘i,1
3032,cháº¡m,1
3033,meo,1
3034,ntn,1
3035,áº¥t,1
3036,Æ¡,1
3037,xáº»,1
3038,lÃ­nh.bá»n,1
3039,cailozcatkhong,1
3040,gáº§y,1
3041,NgoÌ£c,1
3042,nguyá»‡t,1
3043,NhaÌ‰m,1
3044,nhiÌ,1
3045,záº­y,1
3046,hÅ©,1
3047,chuá»™c,1
3048,choáº¹,1
3049,rá»­i,1
3050,báº©m,1
3051,nÃ³c,1
3052,cÃµng,1
3053,Cs,1
3054,má»“i,1
3055,rÆ°á»Ÿi,1
3056,lÃ¹n,1
3057,dme,1
3058,leo,1
3059,cáº±m,1
3060,-,1
3061,NGÆ¯á»œI,1
3062,moc,1
3063,nga,1
3064,coviD-19,1
3065,giÃ¡,1
3066,Bexuammailonto,1
3067,cáº¯m,1
3068,Lx,1
3069,thá»•i,1
3070,hoÌ£ng,1
3071,ghe,1
3072,Haizz,1
3073,ná»­a,1
3074,cá»…nh,1
3075,hÃ´Ìi,1
3076,lÃ´Ì£,1
3077,cá»p,1
3078,hÆ°Æ¡u,1
3079,Ä‘eoa,1
3080,dá»n,1
3081,thuá»‘t,1
3082,Ä‘Ã y,1
3083,mÃ iiii,1
3084,gat,1
3085,mau,1
3086,phÃ¨n,1
3087,chá»­,1
3088,LoÃ i,1
3089,há»£p,1
3090,cunt,1
3091,suckersğŸ™ğŸ™ğŸ‘ŒğŸ‘ŒğŸ‘Œ,1
3092,CÃ²n,1
3093,MaÌ€y,1
3094,vu,1
3095,khÃ´Ìg,1
3096,dÃ©o,1
3097,DÆ°Æ¡ng,1
3098,niá»m,1
3099,dá»¥ngncar,1
3100,nÃ y.tham,1
3101,THáº¤Y,1
3102,QUAN,1
3103,TÃ€I,1
3104,cmğŸ¤¦,1
3105,trÃ¡c,1
3106,Loai,1
3107,Huc,1
3108,ngoÃ¡y,1
3109,bme,1
3110,Cá»©t,1
3111,HÃ¢m,1
3112,hÃªÌt,1
3113,giÃ´Ìng,1
3114,giaÌp,1
3115,naÌ€o,1
3116,trÆ°á»Ÿi,1
3117,dÅ©a,1
3118,Äeo,1
3119,ngu.nghi,1
3120,pháº¯n,1
3121,cmmd,1
3122,bá»“ng,1
3123,bá»nh,1
3124,dou,1
3125,ThÆ°Ì,1
3126,hÃ£n,1
3127,chá»­i.Äm.tay,1
3128,Ã .ÄÃ©o,1
3129,cÃ³c,1
3130,nÃ oğŸ˜©,1
3131,chÆ°a.ká»ƒ,1
3132,mk.BÃ³ng,1
3133,dáº¡iii,1
3134,trá»‘c,1
3135,SuÌ‰a,1
3136,vlğŸ™†ğŸ»,1
3137,cÆ°Ìc,1
3138,láº£nh,1
3139,thien,1
3140,xÃ£,1
3141,cá»™t,1
3142,Ä‘iá»‡n,1
3143,lÃ mcc,1
3144,Ä.Ä¨,1
3145,L.OZ,1
3146,TÃ¹ng,1
3147,mv,1
3148,niáº¿t,1
3149,ngÃ i,1
3150,LÃ£nh,1
3151,giá»ng,1
3152,ngÆ°á»›c,1
3153,ngá»t,1
3154,redbull,1
3155,lÃ²n.náº¿u,1
3156,háº§m,1
3157,Ä‘h,1
3158,gÃ¡o,1
3159,dg,1
3160,ass,1
3161,this,1
3162,that,1
3163,ddjtme,1
3164,bá»£p,1
3165,Nguá»µ.lÃ ,1
3166,Ä‘Ã¡y,1
3167,Ä‘Æ¡n,1
3168,phaÌ‰,1
3169,English,1
3170,Nhá»,1
3171,khá»•.nÃ³,1
3172,lÃ­.nhÃ³m,1
3173,cmnl,1
3174,Xá»,1
3175,dzÃº,1
3176,DM.assmin.máº·t,1
3177,thá»™n.sao,1
3178,giun,1
3179,thá»™n.hÆ¡,1
3180,láº£m,1
3181,Ã©p,1
3182,Ã”i,1
3183,tho,1
3184,li,1
3185,MoÃ¡,1
3186,vailin,1
3187,giáº£.kiáº¿n,1
3188,nhÃ³m,1
3189,chem,1
3190,quaÌnh,1
3191,xong,1
3192,BAKE,1
3193,ÄU,1
3194,CÃ€NG,1
3195,tÆ°á»ng,1
3196,trÃºng,1
3197,há»§,1
3198,condi,1
3199,ğŸ˜•,1
3200,náº¿u,1
3201,Vá»‡,1
3202,PhÃºc,1
3203,DjtmenhaongğŸ¤¬ğŸ¤¬ğŸ¤¬,1
3204,cÃºtttttttttâ›â›ğŸ”ªğŸ”ª,1
3205,tuyá»‡t,1
3206,Äoáº£ng,1
3207,MeÌ£,1
3208,cá»ng,1
3209,ráº¯n,1
3210,vui,1
3211,má»±c,1
3212,khÃ¡c.bá»‹,1
3213,xuáº©n,1
3214,Äitme,1
3215,Ä.m,1
3216,ngÆ°á»i.ngá»£m,1
3217,ngá»£m.Ã½,1
3218,rÃ¡c.nhÃ ,1
3219,nÃ³.pháº¡t,1
3220,má»m,1
3221,Bá»“n,1
3222,Láº¯c,1
3223,CÆ°á»ng,1
3224,trá»™n,1
3225,CÃ”N,1
3226,Äá»’,1
3227,NHÃ‚N,1
3228,TÃNH,1
3229,vc=,1
3230,háº¡ch,1
3231,cÃ¡u,1
3232,vÃ¡y,1
3233,bÃ´ng,1
3234,nhÃ´ng,1
3235,plus,1
3236,trÃºt,1
3237,háº¡n,1
3238,3que,1
3239,Lmcs,1
3240,vá»,1
3241,vailone,1
3242,tÄ‘n,1
3243,kkkkkk.giÃ ,1
3244,nghÃ©t,1
3245,cÃ¢Ìp,1
3246,quyÃªÌ€n,1
3247,loaÌ£n,1
3248,nhÅ©n,1
3249,tÃ³p,1
3250,táº¡o.con,1
3251,DÃ¢n.mÃ y,1
3252,CÃ´ng,1
3253,Ä‘e,1
3254,xÃ¢u,1
3255,biÃªt,1
3256,vÃ¢t,1
3257,Kiáº¿p,1
3258,trym,1
3259,nguÌ£c,1
3260,biÌ€,1
3261,chiei,1
3262,Ä‘o.khau,1
3263,ngiep.chet,1
3264,Äume,1
3265,vcl=,1
3266,TrÆ°á»›c,1
3267,láº¯p,1
3268,tháº¡ch,1
3269,VÆ°á»£ng,1
3270,Vin,1
3271,váº·t,1
3272,vung,1
3273,tom,1
3274,sÃ³i,1
3275,nÃ y.giÃ³,1
3276,chieu,1
3277,ráº§u,1
3278,lom,1
3279,beo,1
3280,láº·ng,1
3281,bÃ¡ch,1
3282,Ngá»‘,1
3283,dogy,1
3284,bey,1
3285,táº¥t,1
3286,thÄƒm,1
3287,viáº¿ng,1
3288,hoÃ¡.máº·c,1
3289,tay.cÆ¡m.,1
3290,Eo,1
3291,bÃºt,1
3292,truyá»n,1
3293,MAT,1
3294,DAI,1
3295,db,1
3296,TÃ‚M,1
3297,THáº¦N,1
3298,NHÃT,1
3299,THAY,1
3300,Äá»”I,1
3301,khg,1
3302,BEDE,1
3303,NO,1
3304,BANH,1
3305,XAC,1
3306,Ma,1
3307,káº¹p,1
3308,sÅ©a,1
3309,trÃ².eo,1
3310,weeboo,1
3311,gáº¯t,1
3312,cayy,1
3313,cÆ°Ì£c,1
3314,chÆ¡Ì€,1
3315,Ná»“n,1
3316,kcos,1
3317,Dá»¥,1
3318,má»©c,1
3319,niá»ƒng,1
3320,lÃ¬u,1
3321,áº¢nh,1
3322,CT,1
3323,Ä‘ua,1
3324,NhÃ£i,1
3325,scandal,1
3326,niá»…ng,1
3327,nung,1
3328,á»¥,1
3329,ngÆ°á»£ng,1
3330,vÄ©nh,1
3331,Quá»³,1
3332,bh,1
3333,trÆ°á»›ng,1
3334,Váº£,1
3335,compat,1
3336,Nghiá»‡t,1
3337,chuÃ´Ì€n,1
3338,beÄ‘e,1
3339,MoÃ©.chuyá»‡n,1
3340,chÃºt,1
3341,chaÌn,1
3342,cÄƒn,1
3343,buÃ´i,1
3344,TrÃ¨o,1
3345,Cmm,1
3346,bá»¯a,1
3347,chá»­ng,1
3348,bÃ nh,1
3349,CHáº¾,1
3350,Äá»˜,1
3351,CSVN,1
3352,ğŸ˜¤ğŸ˜¤ğŸ˜¤,1
3353,Sá»°,1
3354,THáº¬T,1
3355,In,1
3356,viÌ£t,1
3357,bá»™.giáº¿t,1
3358,vÃ²i,1
3359,Suc,1
3360,SÃ¡ng,1
3361,Sá»­u,1
3362,Chiáº¿m,1
3363,Ä‘oáº¡t,1
3364,Ä‘umaaaaaaaa,1
3365,Ä‘Ãºa,1
3366,TuyÃªn,1
3367,Lua,1
3368,lua,1
3369,then,1
3370,diÃªn,1
3371,muon,1
3372,sáº­u,1
3373,dog,1
3374,sá»t,1
3375,báº«y,1
3376,tháº©m,1
3377,Ãº,1
3378,Äou,1
3379,Ã”Ìc,1
3380,Huáº¥n,1
3381,fim,1
3382,Ãºp,1
3383,dá»¯,1
3384,hoáº£ng,1
3385,Ä‘Ã©t,1
3386,bÃªde,1
3387,xáº£m,1
3388,rá»‘ng,1
3389,á»‰m,1
3390,rÃ³n,1
3391,Æ°u,1
3392,TrÆ°,1
3393,BÃ¡t,1
3394,Giá»›i,1
3395,háº¡ng,1
3396,HÃ´i,1
3397,Dk,1
3398,j.vang,1
3399,cÃ³.no,1
3400,Ã”,1
3401,áº¾,1
3402,tÃºiğŸ¤—ğŸ¤—,1
3403,c.á»¨c,1
3404,bodoi,1
3405,rÆ¡i,1
3406,xoan,1
3407,ná»‘t,1
3408,thÃ­m,1
3409,rÃ£,1
3410,dew,1
3411,Máº¡g,1
3412,s,1
3413,SaÌ€i,1
3414,phuÌ‰,1
3415,xÃ¢Ìu,1
3416,saÌ€i,1
3417,phu,1
3418,maÌ‰ng,1
3419,khÃ³i,1
3420,cuccut,1
3421,nghá»‡,1
3422,trá»Ÿ,1
3423,Ä‘Ã¢u.m,1
3424,lá»“n.máº¹,1
3425,diÌ,1
3426,chÃ y,1
3427,HÃ™A,1
3428,CHÆ¯á»I,1
3429,sÆ°Ì‰a,1
3430,thuÌ‰,1
3431,Ä‘oaÌ£n,1
3432,Ä‘Ã¢Ì€u,1
3433,khÃ´Ìn,1
3434,naÌ£n,1
3435,khÃ¢Ì‰u,1
3436,báº»,1
3437,váº­y.nÃ³,1
3438,ts,1
3439,vcccc,1
3440,giá»t,1
3441,NguCo,1
3442,chÃ¬m,1
3443,thÃ´Ì‰,1
3444,taÌ‰,1
3445,Táº­p,1
3446,NghÃ¨o,1
3447,dáº¡t,1
3448,ná».biÃ©n,1
3449,ln,1
3450,áº¥y,1
3451,Ä¨,1
3452,Chung,1
3453,Ráº P,1
3454,XIáº¾C,1
3455,thuc,1
3456,gÃ³m,1
3457,HÃ£m,1
3458,CÃºn,1
3459,dáº©y,1
3460,NhuÌ£c,1
3461,rua,1
3462,cuá»™i,1
3463,náº¥y,1
3464,phÃª,1
3465,Vl.gáº¯t,1
3466,giÃ y,1
3467,ÄUá»”I,1
3468,ná»‡n,1
3469,pheÌt,1
3470,nhá»©c,1
3471,nÃ¡ch,1
3472,KHáº¤C,1
3473,MÃ­a,1
3474,vlol,1
3475,xÃ´i,1
3476,duc,1
3477,Cáº®N,1
3478,KHáº¨U,1
3479,Táº O,1
3480,cá»±u,1
3481,VDV,1
3482,ghá»“,1
3483,máº£nh,1
3484,vler,1
3485,hiÌ€nh,1
3486,Ä‘oáº¡,1
3487,Gay,1
3488,delay,1
3489,Ä‘y,1
3490,á»©c,1
3491,Táº©y,1
3492,giÃ£,1
3493,gáº¯n,1
3494,thoÃ²ng,1
3495,chÃ­n,1
3496,ÄÃ‰O,1
3497,Æ¡i.khung,1
3498,vaicutt,1
3499,ğŸ–•ğŸ–•,1
3500,tÆ°Ì‰,1
3501,Äijt,1
3502,thá»‰u,1
3503,Lo,1
3504,ku,1
3505,ngoc,1
3506,mL,1
3507,gÃ¬.tay,1
3508,nÃ£o.lÆ°á»›t,1
3509,chien,1
3510,xuong,1
3511,Hoa,1
3512,Khá»‹a,1
3513,lá»“n.Bá»‘,1
3514,hÆ°Æ¡ng,1
3515,á»™p,1
3516,Dmca,1
3517,500k,1
3518,laÌƒ,1
3519,mÄƒÌn,1
3520,NhÃ¢n,1
3521,quaÌ‰,1
3522,Æ¡i.Ba,1
3523,Ìn,1
3524,haÌ€ng,1
3525,dcmmm,1
3526,bÃ o,1
3527,virus,1
3528,Háº¾T,1
3529,THUá»C,1
3530,CHá»®A,1
3531,Ã´i,1
3532,BaÌn,1
3533,Máº¯t,1
3534,Ä‘Æ°á»£c.mÃ y,1
3535,dá»¥,1
3536,lá»§i,1
3537,vaicalon,1
3538,ThÃ¢m,1
3539,hÆ°á»Ÿi,1
3540,Ã´mÃ´i,1
3541,chÆ°it,1
3542,HÆ N,1
3543,Ä‘Ã£n,1
3544,cÃ¡ng,1
3545,náº¯c,1
3546,cug,1
3547,phÆ°á»Ÿng,1
3548,ngá»§n,1
3549,thÃ¨,1
3550,jk,1
3551,ooke,1
3552,giÃ¹m,1
3553,ML,1
3554,lolzzzz,1
3555,Bá»›t,1
3556,bá»‘.cáº§n,1
3557,Bom,1
3558,MÃ¬n,1
3559,Lá»±u,1
3560,Äáº¡n,1
3561,ÄÃª,1
3562,NÃ y,1
3563,dá»ng,1
3564,lá»,1
3565,thuáº§n,1
3566,dek,1
3567,pl,1
3568,ngÃ´,1
3569,khá»,1
3570,kháº¡o,1
3571,Xáº¥u,1
3572,khom,1
3573,thÃ¢Ì£t,1
3574,Tiá»n,1
3575,cave,1
3576,sex,1
3577,tá»‰u,1
3578,ang,1
3579,xac.khoc,1
3580,gja,1
3581,chá»i,1
3582,chym,1
3583,bÄƒn,1
3584,armu,1
3585,nulo,1
3586,Cd,1
3587,phiÃªn,1
3588,chá»¯i,1
3589,tá»«ng,1
3590,láº¿u,1
3591,ÄÃ”,1
3592,Há»˜,1
3593,bá»Ÿi,1
3594,lá»³,1
3595,gháº¿,1
3596,lá»¥n,1
3597,nhuá»‘m,1
3598,tÆ°á»¡ng,1
3599,cháº¥m,1
3600,mÃºt,1
3601,Ra,1
3602,gÃ£y,1
3603,kiáº¿c,1
3604,chÃº.á»‰a,1
3605,Pháº¡m,1
3606,vailou,1
3607,HÃˆN,1
3608,GIáº¶C,1
3609,THAM,1
3610,Muá»‘n,1
3611,bÃ£o,1
3612,nháº­u,1
3613,QuÃª,1
3614,vlin,1
3615,bat,1
3616,Láº¡,1
3617,nhÃ¢yy,1
3618,comdom,1
3619,^,1
3620,Non,1
3621,kem,1
3622,chiáº¿u,1
3623,LÃªn,1
3624,thÃ´,1
3625,Cháº·t,1
3626,Æ¯á»›c,1
3627,thuáº­n,1
3628,pháº©n,1
3629,sá»©,1
3630,gich,1
3631,dcm=,1
3632,thieu,1
3633,HÃ£y,1
3634,Ã¡nh,1
3635,sÃ¡ng,1
3636,Tam,1
3637,Äuma,1
3638,mÃ²m,1
3639,nÄƒn,1
3640,ná»‰,1
3641,nik,1
3642,phÃ¨,1
3643,phá»¡n,1
3644,nháº©y,1
3645,tráº¡i.nÃ³i,1
3646,13,1
3647,Ä‘.buoi,1
3648,Ä‘ell,1
3649,Ráº»,1
3650,máº·n,1
3651,khÃ¡t,1
3652,XaÌ£o,1
3653,tÃ¢n,1
3654,tyi,1
3655,dang,1
3656,dan.do,1
3657,Cáº£m,1
3658,KHON,1
3659,NAN,1
3660,Khinh,1
3661,chá»‘n,1
3662,QUI,1
3663,CAI,1
3664,LUA,1
3665,GAT,1
3666,SAO,1
3667,lÃ¢u.quÃ¢n,1
3668,lÃªÌ£,1
3669,Ä‘á»™ng.khi,1
3670,sai.nÃ³,1
3671,nghiá»‡m.Ä‘áº­u,1
3672,muá»‘ng,1
3673,cÃ y,1
3674,gÃ£i,1
3675,ká»‹n,1
3676,bÄƒc,1
3677,Nay,1
3678,Di,1
3679,Vien,1
3680,caÌ‰,1
3681,0,1
3682,Buá»“n,1
3683,RÃ£nh,1
3684,Há»‘c,1
3685,Há»¨NG,1
3686,HÃ’,1
3687,Báº¢,1
3688,Ä‘mmmm,1
3689,next,1
3690,you,1
3691,Ä‘á»™u,1
3692,Dem,1
3693,ÄÃ¡ng,1
3694,Conchodinhung,1
3695,duoc,1
3696,nat,1
3697,TÃ o,1
3698,gáº¡t,1
3699,lÃ ng,1
3700,phun,1
3701,buÌ,1
3702,ngaÌo,1
3703,mÃ´Ì£ng,1
3704,lÃ¹ng,1
3705,Day,1
3706,phai,1
3707,káº¿t,1
3708,nháº«n,1
3709,gáº­y,1
3710,gÃ¡nh,1
3711,táº±n,1
3712,duÌ£c,1
3713,cheÌ£t,1
3714,hÃ­p,1
3715,xo,1
3716,bot,1
3717,naÌƒo,1
3718,tamthan,1
3719,nangkhung,1
3720,batron,1
3721,AHBP,1
3722,Ngá»±c,1
3723,dáº«y,1
3724,mad,1
3725,trai.gai,1
3726,gaÌ,1
3727,i.ma,1
3728,áº¢,1
3729,duconme,1
3730,tiá»‡n,1
3731,Animal,1
3732,lÃ´Ì£n,1
3733,nháº¹m,1
3734,thiá»ƒn,1
3735,cáº­n,1
3736,hÆ°ng,1
3737,rÃ¹m,1
3738,cáº·cğŸ¤£ğŸ¤£,1
3739,MaÌ,1
3740,Trai,1
3741,Ä‘itconme,1
3742,Äiz,1
3743,cubeğŸ˜‚,1
3744,tuÌ€,1
3745,shjt,1
3746,tÃ¡nh,1
3747,táº¥n,1
3748,Cln,1
3749,bomm,1
3750,sá»¹,1
3751,Ä‘Ã´Ì€ng,1
3752,bÃ¢Ì‰n,1
3753,Máº§y,1
3754,giá»…u,1
3755,Cá»¨C,1
3756,xÆ¡i,1
3757,ÄÃ¢u,1
3758,cÆ°a,1
3759,ngoáº¹o,1
3760,Ä‘áº©y,1
3761,hÃ¢m,1
3762,cháº­p,1
3763,cheng,1
3764,gÃµ,1
3765,uot,1
3766,mÃ£n,1
3767,AK,1
3768,47,1
3769,quanque,1
3770,chui.hahaha,1
3771,cailoz,1
3772,ğŸ•,1
3773,láº©m,1
3774,cáº©m,1
3775,bÃ­Ãªn,1
3776,giáº»,1
3777,oÃ¡nh,1
3778,cÅ©,1
3779,KhÆ°Ì£a,1
3780,chiÃªÌm,1
3781,kÃ­,1
3782,trÄƒm,1
3783,bá»±,1
3784,Sam,1
3785,Quá»‘c,1
3786,ngháº¹o.trá»ng,1
3787,xaolon,1
3788,xÄ…o,1
3789,dÃ©p,1
3790,Lá»‡,1
3791,chÃ­ch,1
3792,rá»‘ng.cÃ³,1
3793,TINH,1
3794,TRÃ™NG,1
3795,KHUYáº¾T,1
3796,Táº¬T,1
3797,CÄ‘,1
3798,Ncc,1
3799,thuong,1
3800,rÆ°á»›i,1
3801,Ã”ng,1
3802,máº¡ng,1
3803,troi,1
3804,loll,1
3805,Æ¡n.VÃ£i,1
3806,loÃ¨,1
3807,MÃ©,1
3808,sÆ°ng,1
3809,ğŸ‘,1
3810,gáº§n,1
3811,nguá»“n,1
3812,Ä‘á»—n,1
3813,O,1
3814,táº¡ng,1
3815,Ä‘Æ¡m,1
3816,bá»Ÿ,1
3817,phiáº¿u,1
3818,mÃ¢u,1
3819,thuáº«n,1
3820,mÃ¨,1
3821,Ä‘iss,1
3822,Sele,1
3823,buscu,1
3824,Ká»‡,1
3825,lá»“i,1
3826,Che,1
3827,xÆ°á»£c,1
3828,chá»‘c,1
3829,Ä‘iÃªÌ‰m,1
3830,cá»,1
3831,BÃ¨o,1
3832,ak.dkm,1
3833,Dume,1
3834,gÃ³i,1
3835,lá»c,1
3836,BÃ©o,1
3837,tÃ´Ì£i,1
3838,vaÌ£,1
3839,Ninja,1
3840,Viáº¿t,1
3841,rÃ nh,1
3842,dá»Ÿm,1
3843,clone,1
3844,concard,1
3845,LÆ°á»£ng,1
3846,nghiÃ£,1
3847,botay,1
3848,m.mÃ ,1
3849,há»‡t,1
3850,z,1
3851,thÃ­u,1
3852,ChÆ°Ì‰i,1
3853,chÃ³ng,1
3854,cailon,1
3855,bá»™.vcc,1
3856,má»—i,1
3857,nhá»‘,1
3858,Ä‘áº±ng.Ä‘á»«ng,1
3859,gá»i.chÃºc,1
3860,BÃ¡c,1
3861,lÃ¬,1
3862,dnn,1
3863,dao.dung,1
3864,bÃªu,1
3865,ráº¿u,1
3866,Hitler,1
3867,DiÌ£,1
3868,thá»c,1
3869,ngÆ°,1
3870,Ä‘áº¯c,1
3871,vá»¯ng,1
3872,NÃ­,1
3873,nuáº­n,1
3874,ditnhauhong,1
3875,lÆ¡Ì£n,1
3876,cuÌƒng,1
3877,má»›,1
3878,nguyá»n,1
3879,áº¥uhá»“,1
3880,Quen,1
3881,chá»§i,1
3882,bÃ¨,1
3883,tháº±n,1
3884,rÆ°á»¡i,1
3885,tá»§,1
3886,thiáº¿n,1
3887,TBT.,1
3888,v.v.DM,1
3889,nÃºt,1
3890,ah.DM.,1
3891,táº§n,1
3892,lÃ¨o,1
3893,phat,1
3894,lac,1
3895,vung.song,1
3896,chÃ¹m,1
3897,Ä‘á»™ng.bá»‘,1
3898,Ä‘áº¡o.nÃ³,1
3899,nÃ³.khÃ´ng,1
3900,báº¿p,1
3901,bÄƒÌc,1
3902,kyÌ€,1
3903,Xau,1
3904,nhÃ­,1
3905,Do,1
3906,tiÃªm,1
3907,lan,1
3908,vá»§,1
3909,thÃ¢Ì€m,1
3910,lÄƒÌ£ng,1
3911,chaÌt,1
3912,nuÌp,1
3913,luÌ€m,1
3914,zoe,1
3915,:,1
3916,DÆ°,1
3917,vkllllllllll,1
3918,ChÃ©m,1
3919,ChÃ¡u,1
3920,xui,1
3921,Tháº¥t,1
3922,rá»—,1
3923,thuÌ€,1
3924,sÆ°Ìc,1
3925,thÃªÌ‰,1
3926,ğŸ˜ ğŸ˜ ğŸ˜ ğŸ˜ ğŸ˜ ,1
3927,ÄÃ­u,1
3928,Bon,1
3929,laÌƒnh,1
3930,re.thuáº§n,1
3931,vÄƒng,1
3932,á»©ng.Ä‘mm,1
3933,ddm,1
3934,bá»‰m,1
3935,sá»¯a,1
3936,dÃ y,1
3937,loÌ€n,1
3938,Chá»‹ch,1
3939,DIá»†T,1
3940,VONG,1
3941,QUáº¢,1
3942,BÃO,1
3943,giao,1
3944,phim,1
3945,hiá»‡p,1
3946,máº½o,1
3947,DOG,1
3948,Mes,1
3949,Ná»™p,1
3950,moe,1
3951,Há»ng,1
3952,cáº·v,1
3953,XÃC,1
3954,Ã‚M,1
3955,PHá»¦,1
3956,LUáº¬T,1
3957,trá»¥,1
3958,Ã‚m,1
3959,Binh,1
3960,khoÃ©t,1
3961,Ä‘oáº£n,1
3962,cáº·p,1
3963,nhuÌƒng,1
3964,vualonemlabaonhieu,1
3965,Khung.nang.,1
3966,Het,1
3967,Thuoc,1
3968,nhá»“n,1
3969,Ä‘c.Phi,1
3970,VÃ o,1
3971,báº£i,1
3972,cá»‘i,1
3973,Ä‘eso,1
3974,khuÌ€ng,1
3975,Ä‘á»£i,1
3976,lonnn,1
3977,tÃ³,1
3978,chá»‰.tao,1
3979,tao.nhÃ ,1
3980,pá»§i,1
3981,den.bon,1
3982,ve,1
3983,giu,1
3984,hua,1
3985,ÄÆ¡m,1
3986,Ä‘Ã¡i.ngá»§,1
3987,váº¿u.cÃ²n,1
3988,Dá»Ÿ,1
3989,CMNR,1
3990,khÃ©o,1
3991,Hot,1
3992,girl,1
3993,mÃ´n,1
3994,kÄ©,1
3995,sÃºt,1
3996,dÃ¡,1
3997,Khon,1
3998,,1
3999,bÃ¨o,1
4000,Váº£i,1
4001,láº±n,1
4002,cá»«u,1
4003,cÃ¡o,1
4004,ngÆ¡,1
4005,VlÃ²n,1
4006,NÆ°á»›c,1
4007,ay,1
4008,fai,1
4009,ochco,1
4010,dkmm,1
4011,Cá»©,1
4012,vá»¡,1
4013,bÃªÌ£,1
4014,nh.dcm,1
4015,maÌ€,1
4016,y.La,1
4017,bÃ´Ì,1
4018,Oc,1
4019,BÆ¡m,1
4020,tráº§m,1
4021,háº±ng,1
4022,xuáº¥t,1
4023,VÃ ,1
4024,nghá»‹,1
4025,xh,1
4026,sáº§u,1
4027,nháº¹,1
4028,ğŸ¤¬ğŸ¤¬ğŸ¤¬ğŸ¤¬ğŸ¤¬,1
4029,Ä‘aÌ‰o,1
4030,ChoÌ£c,1
4031,aÌc,1
4032,lm,1
4033,Ä‘Ã¬,1
4034,BÃ‚Y,1
4035,HOANG,1
4036,Cá»¦A,1
4037,1000kg,1
4038,báº£ng,1
4039,trá»“i,1
4040,Ä‘Å©a,1
4041,Quáº¥t,1
4042,Ä‘áº¥t.Ä‘áº­u,1
4043,mÃ¡.Ä‘áº¥t,1
4044,giÃ¢Ì£t,1
4045,lÆ°Æ¡n,1
4046,tÃºc,1
4047,ChuÃ¬,1
4048,mÃ¡u.Triá»‡t,1
4049,hÃ´Ì£t,1
4050,phuÌ£,1
4051,nÆ°Ìƒ,1
4052,clgb,1
4053,máº§u,1
4054,thá»Ÿ,1
4055,mÃ¹i,1
4056,6,1
4057,Thá»‘n,1
4058,láº±m,1
4059,Ä‘á»›n,1
4060,Rá»­a,1
4061,Äu.mÃ¡,1
4062,HÆ°,1
4063,chÄƒng,1
4064,2km,1
4065,tráº¡m,1
4066,xamlone,1
4067,lá»‘p,1
4068,tháº§u,1
4069,Ao,1
4070,giac,1
4071,váº­t.bá»Ÿi,1
4072,cuá»‘n,1
4073,cáº¡p,1
4074,záº§n,1
4075,áº¡,1
4076,toÃ¡n,1
4077,pháº¡t,1
4078,Xaolol,1
4079,má»™ng,1
4080,NhÃ ,1
4081,los,1
4082,Láº¥y,1
4083,Dá»‹p,1
4084,nÆ°á»›c.TrÃ²,1
4085,toáº¹t,1
4086,dÃ¢mğŸ˜­,1
4087,cmg,1
4088,tiáº¿u,1
4089,Gja,1
4090,net,1
4091,lok,1
4092,xá»•ng,1
4093,háº­n,1
4094,sáº¯c,1
4095,Nham,1
4096,sÃ¬nh,1
4097,CÃ³n,1
4098,Ä‘k,1
4099,ná»t,1
4100,háº¿t.nhÃ¬n,1
4101,CHÃŠT,1
4102,GÃ‚N,1
4103,HÃŠT,1
4104,chá»n,1
4105,há»“ng,1
4106,Giáº£i,1
4107,cÃ¡nh,1
4108,oÃ¡n,1
4109,VÃ¬,1
4110,thuÌ,1
4111,truoÌ€ng,1
4112,keÌ‰,1
4113,BI,1
4114,NHIÃŠM,1
4115,VIRUS,1
4116,CORONA,1
4117,cuá»‘i,1
4118,dcmm,1
4119,BA,1
4120,GIA,1
4121,DUT,1
4122,DAY,1
4123,bá»‹a,1
4124,chÃ³.lá»™n,1
4125,Gáº¯t,1
4126,nt,1
4127,sáº·c,1
4128,cÃ o,1
4129,Giáº¥y,1
4130,Náº¿p,1
4131,nhÄƒn,1
4132,xi,1
4133,á»©a,1
4134,Ä‘áº¥t.Äƒn,1
4135,cáº£nh,1
4136,giÃ¡c,1
4137,cá»§i,1
4138,Hoag,1
4139,truog,1
4140,kua,1
4141,Ämm.luc,1
4142,nÃ³.jo,1
4143,no.do,1
4144,vat.bede,1
4145,roi.nghiep,1
4146,chuong,1
4147,Chinazi,1
4148,AD,1
4149,VÃ ng,1
4150,MÃ£,1
4151,cap,1
4152,van.vn,1
4153,tÃ¢y,1
4154,eu,1
4155,nÃ­t,1
4156,xÃºi,1
4157,dkmn,1
4158,Cá»±c,1
4159,gÃº,1
4160,Lá»i,1
4161,há»©a,1
4162,xeÌ‰ng,1
4163,Ä‘Æ°Ìt,1
4164,Nguc,1
4165,nÃ£,1
4166,26,1
4167,chÃ¡nh,1
4168,Táº¥t,1
4169,chá»›t,1
4170,200,1
4171,bn,1
4172,chug,1
4173,suÌc,1
4174,vÃ¢Ì£t,1
4175,TrÃ¹ng,1
4176,Khuyáº¿t,1
4177,Táº­t,1
4178,nÃ´m,1
4179,Trá»‘n,1
4180,truy,1
4181,mÄƒng,1
4182,ÄÃ¡m,1
4183,thÃ¬.Ã½,1
4184,ÄuÌ£,1
4185,khá»‡nh,1
4186,kháº¡ng,1
4187,Äá»‹iiiiitttttttt,1
4188,lÃµ,1
